gid,tipo_pavim,local,cod_local,area,distance,angle,geometry,x,y
10,Via não pavimentada e sem meio fio,Fazenda Canguiri,PFCG,,0.0,290.75645525702726,POINT Z (687258.4002537857 7189905.136 0),687258.4002537857,7189905.136
10,Via não pavimentada e sem meio fio,Fazenda Canguiri,PFCG,,20.0,300.9782402572562,POINT Z (687241.7274430068 7189916.10445339 0),687241.7274430068,7189916.10445339
10,Via não pavimentada e sem meio fio,Fazenda Canguiri,PFCG,,40.0,300.2376788513944,POINT Z (687224.5761577531 7189926.391893864 0),687224.5761577531,7189926.391893864
10,Via não pavimentada e sem meio fio,Fazenda Canguiri,PFCG,,60.0,302.8393935204489,POINT Z (687207.3983444825 7189936.628329208 0),687207.3983444825,7189936.628329208
10,Via não pavimentada e sem meio fio,Fazenda Canguiri,PFCG,,80.0,300.97129779468895,POINT Z (687190.4371898643 7189947.221428285 0),687190.4371898643,7189947.221428285
10,Via não pavimentada e sem meio fio,Fazenda Canguiri,PFCG,,100.0,298.2943908139178,POINT Z (687172.8605894697 7189956.763311364 0),687172.8605894697,7189956.763311364
10,Via não pavimentada e sem meio fio,Fazenda Canguiri,PFCG,,120.0,340.1720365576414,POINT Z (687157.3678123537 7189968.683812456 0),687157.3678123537,7189968.683812456
10,Via não pavimentada e sem meio fio,Fazenda Canguiri,PFCG,,140.0,265.8589766089836,POINT Z (687146.4247592918 7189979.434850644 0),687146.4247592918,7189979.434850644
10,Via não pavimentada e sem meio fio,Fazenda Canguiri,PFCG,,160.0,261.0812233133688,POINT Z (687126.5488830009 7189977.316501042 0),687126.5488830009,7189977.316501042
10,Via não pavimentada e sem meio fio,Fazenda Canguiri,PFCG,,180.0,268.48622957819674,POINT Z (687106.631297586 7189975.961869574 0),687106.631297586,7189975.961869574
10,Via não pavimentada e sem meio fio,Fazenda Canguiri,PFCG,,200.0,291.84855338458357,POINT Z (687086.9930582703 7189978.588133696 0),687086.9930582703,7189978.588133696
10,Via não pavimentada e sem meio fio,Fazenda Canguiri,PFCG,,220.0,289.09383198967805,POINT Z (687068.2569980416 7189985.568756832 0),687068.2569980416,7189985.568756832
10,Via não pavimentada e sem meio fio,Fazenda Canguiri,PFCG,,240.0,296.97812097723613,POINT Z (687050.3138215158 7189994.360539338 0),687050.3138215158,7189994.360539338
10,Via não pavimentada e sem meio fio,Fazenda Canguiri,PFCG,,260.0,296.317074835839,POINT Z (687032.3965512578 7190003.246869009 0),687032.3965512578,7190003.246869009
10,Via não pavimentada e sem meio fio,Fazenda Canguiri,PFCG,,280.0,320.46904751996203,POINT Z (687016.3789639198 7190014.760724721 0),687016.3789639198,7190014.760724721
10,Via não pavimentada e sem meio fio,Fazenda Canguiri,PFCG,,300.0,3.365907408532191,POINT Z (687009.2170978568 7190032.057503904 0),687009.2170978568,7190032.057503904
10,Via não pavimentada e sem meio fio,Fazenda Canguiri,PFCG,,320.0,134.15699329031114,POINT Z (687011.2389847878 7190023.305058451 0),687011.2389847878,7190023.305058451
10,Via não pavimentada e sem meio fio,Fazenda Canguiri,PFCG,,480.0,355.1935957282613,POINT Z (687154.9887027773 7189986.260531624 0),687154.9887027773,7189986.260531624
10,Via não pavimentada e sem meio fio,Fazenda Canguiri,PFCG,,500.0,356.4016849160623,POINT Z (687154.1448918392 7190006.228873712 0),687154.1448918392,7190006.228873712
10,Via não pavimentada e sem meio fio,Fazenda Canguiri,PFCG,,520.0,355.2406974440899,POINT Z (687152.823235635 7190026.184591385 0),687152.823235635,7190026.184591385
10,Via não pavimentada e sem meio fio,Fazenda Canguiri,PFCG,,540.0,355.6871881130237,POINT Z (687150.8917183226 7190046.087782422 0),687150.8917183226,7190046.087782422
10,Via não pavimentada e sem meio fio,Fazenda Canguiri,PFCG,,560.0,351.8217209237388,POINT Z (687148.823294072 7190065.969382905 0),687148.823294072,7190065.969382905
10,Via não pavimentada e sem meio fio,Fazenda Canguiri,PFCG,,580.0,2.378302359522022,POINT Z (687148.6552728859 7190085.924827184 0),687148.6552728859,7190085.924827184
10,Via não pavimentada e sem meio fio,Fazenda Canguiri,PFCG,,600.0,280.53665064694667,POINT Z (687134.015449832 7190093.380549955 0),687134.015449832,7190093.380549955
10,Via não pavimentada e sem meio fio,Fazenda Canguiri,PFCG,,700.0,289.3446279753246,POINT Z (687038.794996236 7190123.593047514 0),687038.794996236,7190123.593047514
10,Via não pavimentada e sem meio fio,Fazenda Canguiri,PFCG,,760.0,192.66073865418392,POINT Z (686985.4909689334 7190123.490144315 0),686985.4909689334,7190123.490144315
10,Via não pavimentada e sem meio fio,Fazenda Canguiri,PFCG,,840.0,194.77244860833733,POINT Z (686982.8089051793 7190045.878022238 0),686982.8089051793,7190045.878022238
10,Via não pavimentada e sem meio fio,Fazenda Canguiri,PFCG,,1060.0,308.6262659050668,POINT Z (687116.9318024884 7189911.461835859 0),687116.9318024884,7189911.461835859
10,Via não pavimentada e sem meio fio,Fazenda Canguiri,PFCG,,1080.0,309.82565839920073,POINT Z (687101.4275051648 7189924.0940686315 0),687101.4275051648,7189924.0940686315
10,Via não pavimentada e sem meio fio,Fazenda Canguiri,PFCG,,1100.0,309.82565839920073,POINT Z (687086.0675693573 7189936.903142447 0),687086.0675693573,7189936.903142447
10,Via não pavimentada e sem meio fio,Fazenda Canguiri,PFCG,,1120.0,309.82565839920073,POINT Z (687070.70763355 7189949.712216261 0),687070.70763355,7189949.712216261
10,Via não pavimentada e sem meio fio,Fazenda Canguiri,PFCG,,1140.0,310.9935922426819,POINT Z (687055.4968932935 7189962.696534599 0),687055.4968932935,7189962.696534599
10,Via não pavimentada e sem meio fio,Fazenda Canguiri,PFCG,,1160.0,311.9401842101001,POINT Z (687040.5360286243 7189975.9685617555 0),687040.5360286243,7189975.9685617555
10,Via não pavimentada e sem meio fio,Fazenda Canguiri,PFCG,,1180.0,311.9401842101001,POINT Z (687025.6591690042 7189989.33564999 0),687025.6591690042,7189989.33564999
10,Via não pavimentada e sem meio fio,Fazenda Canguiri,PFCG,,1200.0,311.42008837866416,POINT Z (687010.64835049 7190002.5519990185 0),687010.64835049,7190002.5519990185
10,Via não pavimentada e sem meio fio,Fazenda Canguiri,PFCG,,1220.0,322.397145668069,POINT Z (686997.155235478 7190017.214691417 0),686997.155235478,7190017.214691417
10,Via não pavimentada e sem meio fio,Fazenda Canguiri,PFCG,,1240.0,319.18250134192414,POINT Z (686984.9502252459 7190033.058801372 0),686984.9502252459,7190033.058801372
10,Via não pavimentada e sem meio fio,Fazenda Canguiri,PFCG,,1260.0,12.752031477733865,POINT Z (686981.7849052789 7190051.266960749 0),686981.7849052789,7190051.266960749
10,Via não pavimentada e sem meio fio,Fazenda Canguiri,PFCG,,1280.0,10.25353626185607,POINT Z (686985.7375291722 7190070.867672332 0),686985.7375291722,7190070.867672332
10,Via não pavimentada e sem meio fio,Fazenda Canguiri,PFCG,,1300.0,4.252742696756842,POINT Z (686988.0849084309 7190090.721685221 0),686988.0849084309,7190090.721685221
10,Via não pavimentada e sem meio fio,Fazenda Canguiri,PFCG,,1320.0,350.2501956031444,POINT Z (686988.087659502 7190110.668829001 0),686988.087659502,7190110.668829001
10,Via não pavimentada e sem meio fio,Fazenda Canguiri,PFCG,,1340.0,37.33774388967124,POINT Z (686985.7125619048 7190128.896741796 0),686985.7125619048,7190128.896741796
10,Via não pavimentada e sem meio fio,Fazenda Canguiri,PFCG,,1360.0,124.53683283120787,POINT Z (687002.4412112699 7190135.688406839 0),687002.4412112699,7190135.688406839
10,Via não pavimentada e sem meio fio,Fazenda Canguiri,PFCG,,1380.0,99.17506064397567,POINT Z (687021.384175091 7190130.240213555 0),687021.384175091,7190130.240213555
10,Via não pavimentada e sem meio fio,Fazenda Canguiri,PFCG,,1400.0,111.99319253479233,POINT Z (687040.7313334347 7190125.466945387 0),687040.7313334347,7190125.466945387
10,Via não pavimentada e sem meio fio,Fazenda Canguiri,PFCG,,1420.0,101.01958999487104,POINT Z (687059.4518434665 7190118.53983149 0),687059.4518434665,7190118.53983149
10,Via não pavimentada e sem meio fio,Fazenda Canguiri,PFCG,,1440.0,107.00853174984738,POINT Z (687078.735469998 7190113.324203019 0),687078.735469998,7190113.324203019
10,Via não pavimentada e sem meio fio,Fazenda Canguiri,PFCG,,1460.0,104.45352964349992,POINT Z (687097.9516456599 7190107.785655182 0),687097.9516456599,7190107.785655182
10,Via não pavimentada e sem meio fio,Fazenda Canguiri,PFCG,,1480.0,113.33519781156409,POINT Z (687117.0036010604 7190101.814615287 0),687117.0036010604,7190101.814615287
10,Via não pavimentada e sem meio fio,Fazenda Canguiri,PFCG,,1500.0,103.66467240227064,POINT Z (687135.7129062458 7190094.8205869775 0),687135.7129062458,7190094.8205869775
10,Via não pavimentada e sem meio fio,Fazenda Canguiri,PFCG,,1520.0,19.174346098289153,POINT Z (687151.7345252113 7190100.785948575 0),687151.7345252113,7190100.785948575
10,Via não pavimentada e sem meio fio,Fazenda Canguiri,PFCG,,1540.0,19.304350989643936,POINT Z (687158.4586050011 7190119.621307979 0),687158.4586050011,7190119.621307979
10,Via não pavimentada e sem meio fio,Fazenda Canguiri,PFCG,,1560.0,353.4354692495888,POINT Z (687157.7756702768 7190139.377361975 0),687157.7756702768,7190139.377361975
10,Via não pavimentada e sem meio fio,Fazenda Canguiri,PFCG,,1580.0,19.769441640309136,POINT Z (687154.0210485677 7190158.441212443 0),687154.0210485677,7190158.441212443
10,Via não pavimentada e sem meio fio,Fazenda Canguiri,PFCG,,1600.0,32.89758944448561,POINT Z (687164.488343136 7190175.314908395 0),687164.488343136,7190175.314908395
10,Via não pavimentada e sem meio fio,Fazenda Canguiri,PFCG,,1620.0,26.9582992820118,POINT Z (687174.7379026803 7190192.423829282 0),687174.7379026803,7190192.423829282
10,Via não pavimentada e sem meio fio,Fazenda Canguiri,PFCG,,1640.0,41.09143834378287,POINT Z (687185.4096047431 7190209.164924198 0),687185.4096047431,7190209.164924198
10,Via não pavimentada e sem meio fio,Fazenda Canguiri,PFCG,,1660.0,50.523177902460205,POINT Z (687201.0313217018 7190221.538459976 0),687201.0313217018,7190221.538459976
10,Via não pavimentada e sem meio fio,Fazenda Canguiri,PFCG,,1680.0,40.57068019868604,POINT Z (687214.8985924858 7190235.884545313 0),687214.8985924858,7190235.884545313
10,Via não pavimentada e sem meio fio,Fazenda Canguiri,PFCG,,1700.0,25.792729772283398,POINT Z (687225.614147966 7190252.678574008 0),687225.614147966,7190252.678574008
10,Via não pavimentada e sem meio fio,Fazenda Canguiri,PFCG,,1720.0,19.37443149744643,POINT Z (687233.1875962684 7190271.155898294 0),687233.1875962684,7190271.155898294
10,Via não pavimentada e sem meio fio,Fazenda Canguiri,PFCG,,1740.0,31.043755484117284,POINT Z (687239.0258211 7190289.980149255 0),687239.0258211,7190289.980149255
10,Via não pavimentada e sem meio fio,Fazenda Canguiri,PFCG,,1760.0,52.78241710572743,POINT Z (687253.175132056 7190303.938954263 0),687253.175132056,7190303.938954263
10,Via não pavimentada e sem meio fio,Fazenda Canguiri,PFCG,,1780.0,49.10053260009072,POINT Z (687268.7361180296 7190316.486732167 0),687268.7361180296,7190316.486732167
10,Via não pavimentada e sem meio fio,Fazenda Canguiri,PFCG,,2200.0,174.851296374629,POINT Z (687158.0157207085 7189976.243034665 0),687158.0157207085,7189976.243034665
8,Via não pavimentada e sem meio fio,Fazenda Canguiri,PFCG,,200.0,224.85074998272373,POINT Z (687657.3020914578 7190720.446552836 0),687657.3020914578,7190720.446552836
8,Via não pavimentada e sem meio fio,Fazenda Canguiri,PFCG,,220.0,246.58477539433443,POINT Z (687640.5353240762 7190709.971232936 0),687640.5353240762,7190709.971232936
8,Via não pavimentada e sem meio fio,Fazenda Canguiri,PFCG,,240.0,215.19292237480238,POINT Z (687624.219394512 7190699.201289776 0),687624.219394512,7190699.201289776
8,Via não pavimentada e sem meio fio,Fazenda Canguiri,PFCG,,260.0,140.7446775946663,POINT Z (687631.2856899898 7190682.226291027 0),687631.2856899898,7190682.226291027
8,Via não pavimentada e sem meio fio,Fazenda Canguiri,PFCG,,280.0,140.90626257158902,POINT Z (687643.9637957197 7190666.758106967 0),687643.9637957197,7190666.758106967
8,Via não pavimentada e sem meio fio,Fazenda Canguiri,PFCG,,300.0,127.15525589421945,POINT Z (687658.270531292 7190652.908537414 0),687658.270531292,7190652.908537414
8,Via não pavimentada e sem meio fio,Fazenda Canguiri,PFCG,,320.0,124.14492888054043,POINT Z (687674.5351078759 7190641.281475993 0),687674.5351078759,7190641.281475993
8,Via não pavimentada e sem meio fio,Fazenda Canguiri,PFCG,,340.0,147.58076387403335,POINT Z (687689.2054184214 7190627.948956404 0),687689.2054184214,7190627.948956404
8,Via não pavimentada e sem meio fio,Fazenda Canguiri,PFCG,,360.0,155.0966435860796,POINT Z (687698.2953804646 7190610.149227793 0),687698.2953804646,7190610.149227793
8,Via não pavimentada e sem meio fio,Fazenda Canguiri,PFCG,,380.0,152.13427730056415,POINT Z (687707.3492816876 7190592.322763332 0),687707.3492816876,7190592.322763332
8,Via não pavimentada e sem meio fio,Fazenda Canguiri,PFCG,,400.0,134.71562425234023,POINT Z (687719.8388436077 7190576.761027637 0),687719.8388436077,7190576.761027637
8,Via não pavimentada e sem meio fio,Fazenda Canguiri,PFCG,,420.0,131.15847886306076,POINT Z (687734.1598004225 7190562.8044668045 0),687734.1598004225,7190562.8044668045
8,Via não pavimentada e sem meio fio,Fazenda Canguiri,PFCG,,440.0,135.64647104049124,POINT Z (687748.9734926181 7190549.382053818 0),687748.9734926181,7190549.382053818
8,Via não pavimentada e sem meio fio,Fazenda Canguiri,PFCG,,460.0,165.85534377806513,POINT Z (687758.4783453313 7190532.203872385 0),687758.4783453313,7190532.203872385
8,Via não pavimentada e sem meio fio,Fazenda Canguiri,PFCG,,480.0,209.51346192962245,POINT Z (687758.7731721003 7190512.7752961805 0),687758.7731721003,7190512.7752961805
8,Via não pavimentada e sem meio fio,Fazenda Canguiri,PFCG,,500.0,261.84076153356074,POINT Z (687740.5443704262 7190506.452689955 0),687740.5443704262,7190506.452689955
8,Via não pavimentada e sem meio fio,Fazenda Canguiri,PFCG,,520.0,262.9019386669692,POINT Z (687720.7079328957 7190503.904543431 0),687720.7079328957,7190503.904543431
8,Via não pavimentada e sem meio fio,Fazenda Canguiri,PFCG,,540.0,261.1968257352553,POINT Z (687700.9339422543 7190500.912415784 0),687700.9339422543,7190500.912415784
8,Via não pavimentada e sem meio fio,Fazenda Canguiri,PFCG,,560.0,260.70714404872257,POINT Z (687681.2165447067 7190497.567808459 0),687681.2165447067,7190497.567808459
8,Via não pavimentada e sem meio fio,Fazenda Canguiri,PFCG,,580.0,79.83300133922955,POINT Z (687694.2387675984 7190501.093765807 0),687694.2387675984,7190501.093765807
8,Via não pavimentada e sem meio fio,Fazenda Canguiri,PFCG,,1380.0,138.8960501187107,POINT Z (687255.1746855555 7190597.388471304 0),687255.1746855555,7190597.388471304
8,Via não pavimentada e sem meio fio,Fazenda Canguiri,PFCG,,1400.0,138.15221947676943,POINT Z (687268.409571077 7190582.394433686 0),687268.409571077,7190582.394433686
8,Via não pavimentada e sem meio fio,Fazenda Canguiri,PFCG,,1420.0,139.43882314532527,POINT Z (687281.5215869567 7190567.29372397 0),687281.5215869567,7190567.29372397
8,Via não pavimentada e sem meio fio,Fazenda Canguiri,PFCG,,1440.0,138.73108357702287,POINT Z (687294.9367375344 7190552.464093919 0),687294.9367375344,7190552.464093919
8,Via não pavimentada e sem meio fio,Fazenda Canguiri,PFCG,,1460.0,138.71231888821953,POINT Z (687308.2662412804 7190537.553882349 0),687308.2662412804,7190537.553882349
8,Via não pavimentada e sem meio fio,Fazenda Canguiri,PFCG,,1520.0,82.80167021112366,POINT Z (687348.7390582133 7190494.284991412 0),687348.7390582133,7190494.284991412
8,Via não pavimentada e sem meio fio,Fazenda Canguiri,PFCG,,1540.0,87.51537389863945,POINT Z (687367.2897112012 7190500.840646869 0),687367.2897112012,7190500.840646869
8,Via não pavimentada e sem meio fio,Fazenda Canguiri,PFCG,,1560.0,95.29812714256212,POINT Z (687387.1685489061 7190499.092237069 0),687387.1685489061,7190499.092237069
8,Via não pavimentada e sem meio fio,Fazenda Canguiri,PFCG,,1580.0,101.36189110573437,POINT Z (687406.9874429578 7190496.592144548 0),687406.9874429578,7190496.592144548
8,Via não pavimentada e sem meio fio,Fazenda Canguiri,PFCG,,1600.0,107.29739051926626,POINT Z (687426.3626096307 7190491.740377651 0),687426.3626096307,7190491.740377651
8,Via não pavimentada e sem meio fio,Fazenda Canguiri,PFCG,,1620.0,101.84030251946447,POINT Z (687445.4643967893 7190485.817991159 0),687445.4643967893,7190485.817991159
8,Via não pavimentada e sem meio fio,Fazenda Canguiri,PFCG,,1640.0,101.84030251946447,POINT Z (687465.0388628233 7190481.7143002 0),687465.0388628233,7190481.7143002
8,Via não pavimentada e sem meio fio,Fazenda Canguiri,PFCG,,1660.0,73.37399712650708,POINT Z (687484.7675245858 7190479.617520367 0),687484.7675245858,7190479.617520367
8,Via não pavimentada e sem meio fio,Fazenda Canguiri,PFCG,,1680.0,278.0982418047221,POINT Z (687473.2089101038 7190478.214890888 0),687473.2089101038,7190478.214890888
8,Via não pavimentada e sem meio fio,Fazenda Canguiri,PFCG,,1700.0,281.8403025194645,POINT Z (687453.6312881509 7190482.30062744 0),687453.6312881509,7190482.30062744
8,Via não pavimentada e sem meio fio,Fazenda Canguiri,PFCG,,1720.0,287.2973905192663,POINT Z (687434.3400269916 7190487.493987236 0),687434.3400269916,7190487.493987236
8,Via não pavimentada e sem meio fio,Fazenda Canguiri,PFCG,,1740.0,281.36189110573434,POINT Z (687415.1676188281 7190493.1394916205 0),687415.1676188281,7190493.1394916205
8,Via não pavimentada e sem meio fio,Fazenda Canguiri,PFCG,,1760.0,275.2981271425621,POINT Z (687395.4699719829 7190496.467667017 0),687395.4699719829,7190496.467667017
8,Via não pavimentada e sem meio fio,Fazenda Canguiri,PFCG,,1780.0,279.1812985276843,POINT Z (687375.5647350663 7190498.387773934 0),687375.5647350663,7190498.387773934
8,Via não pavimentada e sem meio fio,Fazenda Canguiri,PFCG,,1800.0,239.09023075315432,POINT Z (687356.8034128364 7190494.088890234 0),687356.8034128364,7190494.088890234
8,Via não pavimentada e sem meio fio,Fazenda Canguiri,PFCG,,2040.0,53.06339084660788,POINT Z (687511.054322043 7190332.71682697 0),687511.054322043,7190332.71682697
8,Via não pavimentada e sem meio fio,Fazenda Canguiri,PFCG,,2060.0,46.94428895899901,POINT Z (687526.0915966722 7190345.898358047 0),687526.0915966722,7190345.898358047
8,Via não pavimentada e sem meio fio,Fazenda Canguiri,PFCG,,2080.0,47.6184957000226,POINT Z (687540.7220343464 7190359.534527759 0),687540.7220343464,7190359.534527759
8,Via não pavimentada e sem meio fio,Fazenda Canguiri,PFCG,,2100.0,47.28481176556751,POINT Z (687555.4942228278 7190373.017191891 0),687555.4942228278,7190373.017191891
8,Via não pavimentada e sem meio fio,Fazenda Canguiri,PFCG,,2120.0,47.28481176556751,POINT Z (687570.1889188194 7190386.584281104 0),687570.1889188194,7190386.584281104
8,Via não pavimentada e sem meio fio,Fazenda Canguiri,PFCG,,2140.0,48.7067967206357,POINT Z (687585.1428380485 7190399.863516139 0),687585.1428380485,7190399.863516139
8,Via não pavimentada e sem meio fio,Fazenda Canguiri,PFCG,,2160.0,47.27825381295436,POINT Z (687599.9433798558 7190413.313040055 0),687599.9433798558,7190413.313040055
8,Via não pavimentada e sem meio fio,Fazenda Canguiri,PFCG,,2180.0,47.005833980172525,POINT Z (687614.5914350861 7190426.930402816 0),687614.5914350861,7190426.930402816
8,Via não pavimentada e sem meio fio,Fazenda Canguiri,PFCG,,2200.0,48.63270861310677,POINT Z (687629.550984037 7190440.201955657 0),687629.550984037,7190440.201955657
8,Via não pavimentada e sem meio fio,Fazenda Canguiri,PFCG,,2220.0,49.52442203415951,POINT Z (687644.5735735417 7190453.404837752 0),687644.5735735417,7190453.404837752
8,Via não pavimentada e sem meio fio,Fazenda Canguiri,PFCG,,2240.0,54.08590867534645,POINT Z (687660.1628123469 7190465.909943974 0),687660.1628123469,7190465.909943974
8,Via não pavimentada e sem meio fio,Fazenda Canguiri,PFCG,,2260.0,62.52907483056828,POINT Z (687676.9098578214 7190476.805922169 0),687676.9098578214,7190476.805922169
8,Via não pavimentada e sem meio fio,Fazenda Canguiri,PFCG,,2280.0,69.23978484035702,POINT Z (687695.2386638554 7190484.727505277 0),687695.2386638554,7190484.727505277
8,Via não pavimentada e sem meio fio,Fazenda Canguiri,PFCG,,2300.0,74.50447875590316,POINT Z (687714.3114972811 7190490.732178931 0),687714.3114972811,7190490.732178931
8,Via não pavimentada e sem meio fio,Fazenda Canguiri,PFCG,,2320.0,76.59129892742287,POINT Z (687733.6162553849 7190495.952319639 0),687733.6162553849,7190495.952319639
8,Via não pavimentada e sem meio fio,Fazenda Canguiri,PFCG,,2340.0,79.38650831730757,POINT Z (687753.1692742483 7190500.128651721 0),687753.1692742483,7190500.128651721
8,Via não pavimentada e sem meio fio,Fazenda Canguiri,PFCG,,2360.0,81.35245364656535,POINT Z (687772.8876591788 7190503.455501273 0),687772.8876591788,7190503.455501273
8,Via não pavimentada e sem meio fio,Fazenda Canguiri,PFCG,,2380.0,93.9443063931119,POINT Z (687792.69873907 7190505.782523327 0),687792.69873907,7190505.782523327
8,Via não pavimentada e sem meio fio,Fazenda Canguiri,PFCG,,2400.0,99.09550919767442,POINT Z (687812.5274102172 7190503.258380408 0),687812.5274102172,7190503.258380408
8,Via não pavimentada e sem meio fio,Fazenda Canguiri,PFCG,,2420.0,115.54055147489076,POINT Z (687831.2152926421 7190496.3121492015 0),687831.2152926421,7190496.3121492015
8,Via não pavimentada e sem meio fio,Fazenda Canguiri,PFCG,,2440.0,302.8034948807784,POINT Z (687842.2032598945 7190484.655714872 0),687842.2032598945,7190484.655714872
8,Via não pavimentada e sem meio fio,Fazenda Canguiri,PFCG,,2760.0,319.84599579910684,POINT Z (687822.3986519142 7190290.074340468 0),687822.3986519142,7190290.074340468
8,Via não pavimentada e sem meio fio,Fazenda Canguiri,PFCG,,2780.0,315.3614776540166,POINT Z (687808.0398423015 7190303.9281083485 0),687808.0398423015,7190303.9281083485
8,Via não pavimentada e sem meio fio,Fazenda Canguiri,PFCG,,2800.0,314.26520770621715,POINT Z (687794.8160291269 7190318.896911606 0),687794.8160291269,7190318.896911606
8,Via não pavimentada e sem meio fio,Fazenda Canguiri,PFCG,,2820.0,252.1008930831317,POINT Z (687778.1599594009 7190325.577573403 0),687778.1599594009,7190325.577573403
8,Via não pavimentada e sem meio fio,Fazenda Canguiri,PFCG,,3540.0,317.5591724286036,POINT Z (687835.9810705082 7189936.570409715 0),687835.9810705082,7189936.570409715
8,Via não pavimentada e sem meio fio,Fazenda Canguiri,PFCG,,3560.0,319.0464124686493,POINT Z (687822.6443708626 7189951.472326867 0),687822.6443708626,7189951.472326867
8,Via não pavimentada e sem meio fio,Fazenda Canguiri,PFCG,,3580.0,319.0464124686493,POINT Z (687809.5354216424 7189966.577142336 0),687809.5354216424,7189966.577142336
8,Via não pavimentada e sem meio fio,Fazenda Canguiri,PFCG,,3600.0,317.0768572605571,POINT Z (687796.261867787 7189981.537133191 0),687796.261867787,7189981.537133191
8,Via não pavimentada e sem meio fio,Fazenda Canguiri,PFCG,,3620.0,317.0768572605571,POINT Z (687782.641533788 7189996.182490877 0),687782.641533788,7189996.182490877
8,Via não pavimentada e sem meio fio,Fazenda Canguiri,PFCG,,3640.0,317.9907405466704,POINT Z (687769.2499161358 7190011.037180408 0),687769.2499161358,7190011.037180408
8,Via não pavimentada e sem meio fio,Fazenda Canguiri,PFCG,,3660.0,317.5051323170742,POINT Z (687755.7891541079 7190025.829104266 0),687755.7891541079,7190025.829104266
8,Via não pavimentada e sem meio fio,Fazenda Canguiri,PFCG,,3680.0,319.3782943294209,POINT Z (687742.6153848459 7190040.875748064 0),687742.6153848459,7190040.875748064
8,Via não pavimentada e sem meio fio,Fazenda Canguiri,PFCG,,3700.0,319.08613777863707,POINT Z (687729.5645238031 7190056.030699962 0),687729.5645238031,7190056.030699962
8,Via não pavimentada e sem meio fio,Fazenda Canguiri,PFCG,,3720.0,319.36796264875767,POINT Z (687716.4800801205 7190071.156699242 0),687716.4800801205,7190071.156699242
8,Via não pavimentada e sem meio fio,Fazenda Canguiri,PFCG,,3740.0,317.33741568904014,POINT Z (687703.3933748124 7190086.279056576 0),687703.3933748124,7190086.279056576
8,Via não pavimentada e sem meio fio,Fazenda Canguiri,PFCG,,3760.0,316.8973903472531,POINT Z (687689.8292386323 7190100.976410301 0),687689.8292386323,7190100.976410301
8,Via não pavimentada e sem meio fio,Fazenda Canguiri,PFCG,,3780.0,317.20150243636704,POINT Z (687676.1881275662 7190115.602333457 0),687676.1881275662,7190115.602333457
8,Via não pavimentada e sem meio fio,Fazenda Canguiri,PFCG,,3800.0,319.71902473033225,POINT Z (687663.020159697 7190130.649810708 0),687663.020159697,7190130.649810708
8,Via não pavimentada e sem meio fio,Fazenda Canguiri,PFCG,,3820.0,317.6778635322953,POINT Z (687649.5910303709 7190145.469168286 0),687649.5910303709,7190145.469168286
8,Via não pavimentada e sem meio fio,Fazenda Canguiri,PFCG,,3840.0,314.91602337866794,POINT Z (687635.780459214 7190159.927240169 0),687635.780459214,7190159.927240169
8,Via não pavimentada e sem meio fio,Fazenda Canguiri,PFCG,,3860.0,316.72128642277306,POINT Z (687621.9129702304 7190174.33694415 0),687621.9129702304,7190174.33694415
8,Via não pavimentada e sem meio fio,Fazenda Canguiri,PFCG,,3880.0,317.46560309805164,POINT Z (687608.211082226 7190188.905924933 0),687608.211082226,7190188.905924933
8,Via não pavimentada e sem meio fio,Fazenda Canguiri,PFCG,,3900.0,319.9694032288171,POINT Z (687594.8509290861 7190203.784273989 0),687594.8509290861,7190203.784273989
8,Via não pavimentada e sem meio fio,Fazenda Canguiri,PFCG,,3920.0,319.71727624910517,POINT Z (687581.9489169404 7190219.066164581 0),687581.9489169404,7190219.066164581
8,Via não pavimentada e sem meio fio,Fazenda Canguiri,PFCG,,3940.0,318.75624827002684,POINT Z (687568.7359924804 7190234.079421479 0),687568.7359924804,7190234.079421479
8,Via não pavimentada e sem meio fio,Fazenda Canguiri,PFCG,,3960.0,320.057839409451,POINT Z (687555.7356982405 7190249.276165069 0),687555.7356982405,7190249.276165069
8,Via não pavimentada e sem meio fio,Fazenda Canguiri,PFCG,,3980.0,319.2191498907396,POINT Z (687542.5257051145 7190264.291778133 0),687542.5257051145,7190264.291778133
8,Via não pavimentada e sem meio fio,Fazenda Canguiri,PFCG,,4000.0,319.4205688724466,POINT Z (687529.4169995845 7190279.396275623 0),687529.4169995845,7190279.396275623
8,Via não pavimentada e sem meio fio,Fazenda Canguiri,PFCG,,4020.0,320.7237845967934,POINT Z (687516.6588618702 7190294.797197535 0),687516.6588618702,7190294.797197535
8,Via não pavimentada e sem meio fio,Fazenda Canguiri,PFCG,,4040.0,326.7028706192803,POINT Z (687504.4702678339 7190310.625260652 0),687504.4702678339,7190310.625260652
8,Via não pavimentada e sem meio fio,Fazenda Canguiri,PFCG,,4060.0,312.4678087977997,POINT Z (687490.8517750497 7190325.194747589 0),687490.8517750497,7190325.194747589
8,Via não pavimentada e sem meio fio,Fazenda Canguiri,PFCG,,4080.0,318.422971653131,POINT Z (687477.0081944341 7190339.61119525 0),687477.0081944341,7190339.61119525
8,Via não pavimentada e sem meio fio,Fazenda Canguiri,PFCG,,4100.0,318.88450087151404,POINT Z (687463.8105084343 7190354.638336094 0),687463.8105084343,7190354.638336094
8,Via não pavimentada e sem meio fio,Fazenda Canguiri,PFCG,,4120.0,319.0385576781987,POINT Z (687450.6822674127 7190369.726363837 0),687450.6822674127,7190369.726363837
8,Via não pavimentada e sem meio fio,Fazenda Canguiri,PFCG,,4140.0,319.29800535776553,POINT Z (687437.6007033099 7190384.854836017 0),687437.6007033099,7190384.854836017
8,Via não pavimentada e sem meio fio,Fazenda Canguiri,PFCG,,4160.0,319.29800535776553,POINT Z (687424.5582073815 7190400.017068701 0),687424.5582073815,7190400.017068701
8,Via não pavimentada e sem meio fio,Fazenda Canguiri,PFCG,,4180.0,318.37860744186617,POINT Z (687411.3097329476 7190414.999223944 0),687411.3097329476,7190414.999223944
8,Via não pavimentada e sem meio fio,Fazenda Canguiri,PFCG,,4200.0,232.18236983519594,POINT Z (687395.8377458063 7190422.377320968 0),687395.8377458063,7190422.377320968
8,Via não pavimentada e sem meio fio,Fazenda Canguiri,PFCG,,4220.0,228.01748446943338,POINT Z (687380.8764726677 7190409.114784968 0),687380.8764726677,7190409.114784968
8,Via não pavimentada e sem meio fio,Fazenda Canguiri,PFCG,,4240.0,228.47266257027775,POINT Z (687365.9945032937 7190395.7535006795 0),687365.9945032937,7190395.7535006795
8,Via não pavimentada e sem meio fio,Fazenda Canguiri,PFCG,,4260.0,228.85155257717673,POINT Z (687351.0012495939 7190382.517216997 0),687351.0012495939,7190382.517216997
8,Via não pavimentada e sem meio fio,Fazenda Canguiri,PFCG,,4280.0,126.5248369651,POINT Z (687349.467223508 7190367.248640932 0),687349.467223508,7190367.248640932
8,Via não pavimentada e sem meio fio,Fazenda Canguiri,PFCG,,4300.0,127.66323469759504,POINT Z (687365.4145628543 7190355.180378599 0),687365.4145628543,7190355.180378599
8,Via não pavimentada e sem meio fio,Fazenda Canguiri,PFCG,,4320.0,133.8877901710508,POINT Z (687380.3061559724 7190341.859009337 0),687380.3061559724,7190341.859009337
8,Via não pavimentada e sem meio fio,Fazenda Canguiri,PFCG,,4340.0,137.23402996477313,POINT Z (687394.1076829297 7190327.388710641 0),687394.1076829297,7190327.388710641
8,Via não pavimentada e sem meio fio,Fazenda Canguiri,PFCG,,4360.0,318.13276508096465,POINT Z (687400.4306533283 7190317.215046723 0),687400.4306533283,7190317.215046723
8,Via não pavimentada e sem meio fio,Fazenda Canguiri,PFCG,,4380.0,317.6218211747418,POINT Z (687386.9566831338 7190331.9944585925 0),687386.9566831338,7190331.9944585925
8,Via não pavimentada e sem meio fio,Fazenda Canguiri,PFCG,,4400.0,289.4282527113849,POINT Z (687372.7952099042 7190346.05043093 0),687372.7952099042,7190346.05043093
8,Via não pavimentada e sem meio fio,Fazenda Canguiri,PFCG,,4420.0,256.8851930799189,POINT Z (687361.1223094752 7190331.861675483 0),687361.1223094752,7190331.861675483
8,Via não pavimentada e sem meio fio,Fazenda Canguiri,PFCG,,4440.0,249.55568159931343,POINT Z (687341.503466248 7190328.2433436625 0),687341.503466248,7190328.2433436625
8,Via não pavimentada e sem meio fio,Fazenda Canguiri,PFCG,,4460.0,49.96360279138701,POINT Z (687330.879808552 7190325.781010263 0),687330.879808552,7190325.781010263
8,Via não pavimentada e sem meio fio,Fazenda Canguiri,PFCG,,4480.0,77.56039429952799,POINT Z (687349.4475948457 7190332.809510736 0),687349.4475948457,7190332.809510736
8,Via não pavimentada e sem meio fio,Fazenda Canguiri,PFCG,,4500.0,36.5496381266514,POINT Z (687367.7943148459 7190338.922178553 0),687367.7943148459,7190338.922178553
8,Via não pavimentada e sem meio fio,Fazenda Canguiri,PFCG,,4520.0,310.19099160614843,POINT Z (687361.624448481 7190355.562724916 0),687361.624448481,7190355.562724916
8,Via não pavimentada e sem meio fio,Fazenda Canguiri,PFCG,,4540.0,304.8734763841703,POINT Z (687345.4933712656 7190367.377407217 0),687345.4933712656,7190367.377407217
8,Via não pavimentada e sem meio fio,Fazenda Canguiri,PFCG,,4600.0,230.8221614761404,POINT Z (687300.6143141206 7190339.136767865 0),687300.6143141206,7190339.136767865
8,Via não pavimentada e sem meio fio,Fazenda Canguiri,PFCG,,4640.0,51.06403074917112,POINT Z (687293.1525875973 7190336.967036333 0),687293.1525875973,7190336.967036333
8,Via não pavimentada e sem meio fio,Fazenda Canguiri,PFCG,,4660.0,49.69620232061809,POINT Z (687308.726317415 7190349.514190303 0),687308.726317415,7190349.514190303
8,Via não pavimentada e sem meio fio,Fazenda Canguiri,PFCG,,4680.0,49.7687118196698,POINT Z (687323.9844746023 7190362.444329298 0),687323.9844746023,7190362.444329298
8,Via não pavimentada e sem meio fio,Fazenda Canguiri,PFCG,,4700.0,48.113239583003455,POINT Z (687339.0083871961 7190375.643027364 0),687339.0083871961,7190375.643027364
8,Via não pavimentada e sem meio fio,Fazenda Canguiri,PFCG,,4720.0,48.42234467896223,POINT Z (687353.7994490926 7190389.104079775 0),687353.7994490926,7190389.104079775
8,Via não pavimentada e sem meio fio,Fazenda Canguiri,PFCG,,4740.0,49.570789978116764,POINT Z (687368.8475650577 7190402.276727084 0),687368.8475650577,7190402.276727084
8,Via não pavimentada e sem meio fio,Fazenda Canguiri,PFCG,,4760.0,46.20460802575291,POINT Z (687383.626504848 7190415.739405942 0),687383.626504848,7190415.739405942
8,Via não pavimentada e sem meio fio,Fazenda Canguiri,PFCG,,4780.0,342.2922368604323,POINT Z (687396.2826880924 7190430.212473117 0),687396.2826880924,7190430.212473117
8,Via não pavimentada e sem meio fio,Fazenda Canguiri,PFCG,,4800.0,320.3708997695732,POINT Z (687383.8118151966 7190445.787655282 0),687383.8118151966,7190445.787655282
8,Via não pavimentada e sem meio fio,Fazenda Canguiri,PFCG,,4820.0,318.9646453892148,POINT Z (687370.8930785495 7190461.053534012 0),687370.8930785495,7190461.053534012
8,Via não pavimentada e sem meio fio,Fazenda Canguiri,PFCG,,4840.0,318.0740363663089,POINT Z (687357.7054014198 7190476.089067552 0),687357.7054014198,7190476.089067552
8,Via não pavimentada e sem meio fio,Fazenda Canguiri,PFCG,,4860.0,318.0740363663089,POINT Z (687344.3420059731 7190490.96924437 0),687344.3420059731,7190490.96924437
8,Via não pavimentada e sem meio fio,Fazenda Canguiri,PFCG,,4880.0,320.3837617450269,POINT Z (687331.5611036121 7190506.351703253 0),687331.5611036121,7190506.351703253
8,Via não pavimentada e sem meio fio,Fazenda Canguiri,PFCG,,4900.0,316.4179129870001,POINT Z (687318.1871740198 7190521.217499117 0),687318.1871740198,7190521.217499117
8,Via não pavimentada e sem meio fio,Fazenda Canguiri,PFCG,,5420.0,144.60197793367456,POINT Z (686962.3567838703 7190613.783627096 0),686962.3567838703,7190613.783627096
8,Via não pavimentada e sem meio fio,Fazenda Canguiri,PFCG,,5440.0,141.3392720186163,POINT Z (686974.6044207835 7190597.977029961 0),686974.6044207835,7190597.977029961
8,Via não pavimentada e sem meio fio,Fazenda Canguiri,PFCG,,5520.0,49.35149707139962,POINT Z (686926.3668084241 7190598.099111785 0),686926.3668084241,7190598.099111785
8,Via não pavimentada e sem meio fio,Fazenda Canguiri,PFCG,,5540.0,49.35149707139962,POINT Z (686941.5412110576 7190611.127446473 0),686941.5412110576,7190611.127446473
8,Via não pavimentada e sem meio fio,Fazenda Canguiri,PFCG,,5560.0,35.49089747918819,POINT Z (686956.1881085961 7190624.557261014 0),686956.1881085961,7190624.557261014
8,Via não pavimentada e sem meio fio,Fazenda Canguiri,PFCG,,5580.0,50.22363411920069,POINT Z (686970.5983594523 7190638.329229602 0),686970.5983594523,7190638.329229602
8,Via não pavimentada e sem meio fio,Fazenda Canguiri,PFCG,,5600.0,50.50076812482792,POINT Z (686985.9985036516 7190651.089841886 0),686985.9985036516,7190651.089841886
8,Via não pavimentada e sem meio fio,Fazenda Canguiri,PFCG,,5620.0,49.151002455754025,POINT Z (687001.2366195164 7190664.04272004 0),687001.2366195164,7190664.04272004
8,Via não pavimentada e sem meio fio,Fazenda Canguiri,PFCG,,5640.0,49.181978773261314,POINT Z (687016.3671707272 7190677.121955401 0),687016.3671707272,7190677.121955401
8,Via não pavimentada e sem meio fio,Fazenda Canguiri,PFCG,,5660.0,48.23592079002814,POINT Z (687031.3699901 7190690.346533718 0),687031.3699901,7190690.346533718
8,Via não pavimentada e sem meio fio,Fazenda Canguiri,PFCG,,5680.0,45.10723385520576,POINT Z (687046.2014022352 7190703.745092634 0),687046.2014022352,7190703.745092634
8,Via não pavimentada e sem meio fio,Fazenda Canguiri,PFCG,,5700.0,48.787919170900565,POINT Z (687060.7900268153 7190717.411117091 0),687060.7900268153,7190717.411117091
8,Via não pavimentada e sem meio fio,Fazenda Canguiri,PFCG,,5720.0,44.495478377204584,POINT Z (687075.5705117639 7190730.876000405 0),687075.5705117639,7190730.876000405
8,Via não pavimentada e sem meio fio,Fazenda Canguiri,PFCG,,5740.0,47.39146805809608,POINT Z (687090.2633444609 7190744.426737244 0),687090.2633444609,7190744.426737244
8,Via não pavimentada e sem meio fio,Fazenda Canguiri,PFCG,,5760.0,354.80887760929903,POINT Z (687103.4194060444 7190758.990943153 0),687103.4194060444,7190758.990943153
8,Via não pavimentada e sem meio fio,Fazenda Canguiri,PFCG,,5840.0,38.25099728528186,POINT Z (687114.3826090936 7190772.551053704 0),687114.3826090936,7190772.551053704
8,Via não pavimentada e sem meio fio,Fazenda Canguiri,PFCG,,5880.0,133.86036912922745,POINT Z (687113.3976970651 7190756.037585814 0),687113.3976970651,7190756.037585814
8,Via não pavimentada e sem meio fio,Fazenda Canguiri,PFCG,,5900.0,138.46229276482825,POINT Z (687127.5335603573 7190741.897291458 0),687127.5335603573,7190741.897291458
8,Via não pavimentada e sem meio fio,Fazenda Canguiri,PFCG,,5920.0,138.52417913506292,POINT Z (687140.7953530658 7190726.926491842 0),687140.7953530658,7190726.926491842
8,Via não pavimentada e sem meio fio,Fazenda Canguiri,PFCG,,5940.0,138.52417913506292,POINT Z (687154.0414315814 7190711.941786174 0),687154.0414315814,7190711.941786174
8,Via não pavimentada e sem meio fio,Fazenda Canguiri,PFCG,,5960.0,138.8448987583358,POINT Z (687167.2099453573 7190696.888901123 0),687167.2099453573,7190696.888901123
8,Via não pavimentada e sem meio fio,Fazenda Canguiri,PFCG,,5980.0,138.8448987583358,POINT Z (687180.3719382006 7190681.8302841745 0),687180.3719382006,7190681.8302841745
8,Via não pavimentada e sem meio fio,Fazenda Canguiri,PFCG,,6000.0,138.4155532833707,POINT Z (687193.6424650942 7190666.867251151 0),687193.6424650942,7190666.867251151
8,Via não pavimentada e sem meio fio,Fazenda Canguiri,PFCG,,6020.0,138.15030026463265,POINT Z (687206.9393421889 7190651.927666789 0),687206.9393421889,7190651.927666789
8,Via não pavimentada e sem meio fio,Fazenda Canguiri,PFCG,,6040.0,138.15030026463265,POINT Z (687220.2829194529 7190637.029715728 0),687220.2829194529,7190637.029715728
8,Via não pavimentada e sem meio fio,Fazenda Canguiri,PFCG,,6060.0,138.5086861003118,POINT Z (687233.5771461636 7190622.087840477 0),687233.5771461636,7190622.087840477
8,Via não pavimentada e sem meio fio,Fazenda Canguiri,PFCG,,6080.0,73.37196058823501,POINT Z (687250.4569129463 7190616.460085501 0),687250.4569129463,7190616.460085501
8,Via não pavimentada e sem meio fio,Fazenda Canguiri,PFCG,,6100.0,85.73105218782099,POINT Z (687269.952296237 7190620.609607538 0),687269.952296237,7190620.609607538
8,Via não pavimentada e sem meio fio,Fazenda Canguiri,PFCG,,6120.0,97.57338643431777,POINT Z (687289.8354594582 7190618.944446517 0),687289.8354594582,7190618.944446517
8,Via não pavimentada e sem meio fio,Fazenda Canguiri,PFCG,,6140.0,96.83507229926406,POINT Z (687309.692651536 7190616.558951875 0),687309.692651536,7190616.558951875
8,Via não pavimentada e sem meio fio,Fazenda Canguiri,PFCG,,6160.0,94.8806439448409,POINT Z (687329.5491364778 7190614.192101119 0),687329.5491364778,7190614.192101119
8,Via não pavimentada e sem meio fio,Fazenda Canguiri,PFCG,,6180.0,80.78702655019944,POINT Z (687349.4438991124 7190614.943590731 0),687349.4438991124,7190614.943590731
8,Via não pavimentada e sem meio fio,Fazenda Canguiri,PFCG,,6200.0,80.78702655163832,POINT Z (687369.1858998718 7190618.145684737 0),687369.1858998718,7190618.145684737
8,Via não pavimentada e sem meio fio,Fazenda Canguiri,PFCG,,6220.0,72.00494111234072,POINT Z (687388.6219494074 7190622.752532722 0),687388.6219494074,7190622.752532722
8,Via não pavimentada e sem meio fio,Fazenda Canguiri,PFCG,,6240.0,69.87613594510194,POINT Z (687407.5507576689 7190629.199996252 0),687407.5507576689,7190629.199996252
8,Via não pavimentada e sem meio fio,Fazenda Canguiri,PFCG,,6260.0,67.21403866451273,POINT Z (687426.0373862314 7190636.818763919 0),687426.0373862314,7190636.818763919
8,Via não pavimentada e sem meio fio,Fazenda Canguiri,PFCG,,6280.0,64.80039118407942,POINT Z (687444.4143870668 7190644.704220293 0),687444.4143870668,7190644.704220293
8,Via não pavimentada e sem meio fio,Fazenda Canguiri,PFCG,,6300.0,64.80039118407942,POINT Z (687462.5109862555 7190653.219682571 0),687462.5109862555,7190653.219682571
8,Via não pavimentada e sem meio fio,Fazenda Canguiri,PFCG,,6320.0,72.79089534812731,POINT Z (687480.9289209234 7190660.906879333 0),687480.9289209234,7190660.906879333
8,Via não pavimentada e sem meio fio,Fazenda Canguiri,PFCG,,6340.0,81.49152049464536,POINT Z (687500.2245800839 7190665.987221603 0),687500.2245800839,7190665.987221603
8,Via não pavimentada e sem meio fio,Fazenda Canguiri,PFCG,,6360.0,70.87828457436306,POINT Z (687519.635084949 7190670.570169052 0),687519.635084949,7190670.570169052
8,Via não pavimentada e sem meio fio,Fazenda Canguiri,PFCG,,6380.0,71.00278513236684,POINT Z (687538.4844268472 7190677.254425197 0),687538.4844268472,7190677.254425197
8,Via não pavimentada e sem meio fio,Fazenda Canguiri,PFCG,,6400.0,93.15710157073663,POINT Z (687557.7954387772 7190681.19590623 0),687557.7954387772,7190681.19590623
8,Via não pavimentada e sem meio fio,Fazenda Canguiri,PFCG,,6420.0,57.81369081645429,POINT Z (687574.3232569696 7190691.809649418 0),687574.3232569696,7190691.809649418
8,Via não pavimentada e sem meio fio,Fazenda Canguiri,PFCG,,6440.0,64.45138001409879,POINT Z (687592.4095588424 7190700.3138236785 0),687592.4095588424,7190700.3138236785
8,Via não pavimentada e sem meio fio,Fazenda Canguiri,PFCG,,6460.0,67.6941511929309,POINT Z (687610.8985039023 7190707.937457465 0),687610.8985039023,7190707.937457465
8,Via não pavimentada e sem meio fio,Fazenda Canguiri,PFCG,,6480.0,65.88580559290405,POINT Z (687629.2944308828 7190715.774909721 0),687629.2944308828,7190715.774909721
8,Via não pavimentada e sem meio fio,Fazenda Canguiri,PFCG,,6500.0,71.07258980443629,POINT Z (687647.0683590111 7190724.8966753995 0),687647.0683590111,7190724.8966753995
8,Via não pavimentada e sem meio fio,Fazenda Canguiri,PFCG,,6520.0,72.83275441325439,POINT Z (687666.1204963637 7190730.966069673 0),687666.1204963637,7190730.966069673
8,Via não pavimentada e sem meio fio,Fazenda Canguiri,PFCG,,6540.0,70.2828368911416,POINT Z (687685.2275935516 7190736.859152697 0),687685.2275935516,7190736.859152697
8,Via não pavimentada e sem meio fio,Fazenda Canguiri,PFCG,,6560.0,68.99244557099016,POINT Z (687703.9671934008 7190743.843235422 0),687703.9671934008,7190743.843235422
8,Via não pavimentada e sem meio fio,Fazenda Canguiri,PFCG,,6580.0,68.99244557099016,POINT Z (687722.6378567546 7190751.013056196 0),687722.6378567546,7190751.013056196
8,Via não pavimentada e sem meio fio,Fazenda Canguiri,PFCG,,6600.0,69.55689070629651,POINT Z (687741.4459789344 7190757.807552226 0),687741.4459789344,7190757.807552226
8,Via não pavimentada e sem meio fio,Fazenda Canguiri,PFCG,,6620.0,72.00835837190814,POINT Z (687760.3542245857 7190764.311547525 0),687760.3542245857,7190764.311547525
8,Via não pavimentada e sem meio fio,Fazenda Canguiri,PFCG,,6640.0,71.60375072965041,POINT Z (687779.3409909584 7190770.596410894 0),687779.3409909584,7190770.596410894
8,Via não pavimentada e sem meio fio,Fazenda Canguiri,PFCG,,6660.0,70.42329097112234,POINT Z (687798.244796891 7190777.12359641 0),687798.244796891,7190777.12359641
8,Via não pavimentada e sem meio fio,Fazenda Canguiri,PFCG,,6680.0,70.34679186526344,POINT Z (687817.1483386245 7190783.65340286 0),687817.1483386245,7190783.65340286
8,Via não pavimentada e sem meio fio,Fazenda Canguiri,PFCG,,6700.0,66.1729852806791,POINT Z (687835.6438469552 7190791.231073468 0),687835.6438469552,7190791.231073468
8,Via não pavimentada e sem meio fio,Fazenda Canguiri,PFCG,,6820.0,86.18425226781598,POINT Z (687638.220371742 7190421.1921646735 0),687638.220371742,7190421.1921646735
8,Via não pavimentada e sem meio fio,Fazenda Canguiri,PFCG,,6840.0,85.13458434898733,POINT Z (687658.171427866 7190422.579178278 0),687658.171427866,7190422.579178278
8,Via não pavimentada e sem meio fio,Fazenda Canguiri,PFCG,,6860.0,77.1023697615944,POINT Z (687677.8418493548 7190426.012620614 0),687677.8418493548,7190426.012620614
8,Via não pavimentada e sem meio fio,Fazenda Canguiri,PFCG,,6880.0,133.94005447078894,POINT Z (687697.3383433687 7190429.988519008 0),687697.3383433687,7190429.988519008
8,Via não pavimentada e sem meio fio,Fazenda Canguiri,PFCG,,6960.0,182.55547529873408,POINT Z (687622.4933359869 7190419.163692429 0),687622.4933359869,7190419.163692429
8,Via não pavimentada e sem meio fio,Fazenda Canguiri,PFCG,,6980.0,341.0879044014972,POINT Z (687621.5402732887 7190408.994402412 0),687621.5402732887,7190408.994402412
8,Via não pavimentada e sem meio fio,Fazenda Canguiri,PFCG,,7220.0,68.46589392523514,POINT Z (687548.91536072 7190271.412543039 0),687548.91536072,7190271.412543039
8,Via não pavimentada e sem meio fio,Fazenda Canguiri,PFCG,,7240.0,53.44731689907903,POINT Z (687565.8472674346 7190281.931419714 0),687565.8472674346,7190281.931419714
8,Via não pavimentada e sem meio fio,Fazenda Canguiri,PFCG,,7260.0,59.6797697731153,POINT Z (687582.6196660512 7190292.810954298 0),687582.6196660512,7190292.810954298
8,Via não pavimentada e sem meio fio,Fazenda Canguiri,PFCG,,7280.0,57.39997724998402,POINT Z (687599.7276975408 7190303.166754226 0),687599.7276975408,7190303.166754226
8,Via não pavimentada e sem meio fio,Fazenda Canguiri,PFCG,,7300.0,78.90844257672306,POINT Z (687617.955257732 7190310.927391223 0),687617.955257732,7190310.927391223
8,Via não pavimentada e sem meio fio,Fazenda Canguiri,PFCG,,7320.0,84.27434942394918,POINT Z (687637.7664094307 7190313.577706288 0),687637.7664094307,7190313.577706288
8,Via não pavimentada e sem meio fio,Fazenda Canguiri,PFCG,,7340.0,328.327078024962,POINT Z (687650.3267030421 7190323.677926401 0),687650.3267030421,7190323.677926401
8,Via não pavimentada e sem meio fio,Fazenda Canguiri,PFCG,,7360.0,178.43622955480961,POINT Z (687646.7800102284 7190335.733899488 0),687646.7800102284,7190335.733899488
8,Via não pavimentada e sem meio fio,Fazenda Canguiri,PFCG,,7380.0,52.918010093312226,POINT Z (687656.6859322839 7190321.349142729 0),687656.6859322839,7190321.349142729
8,Via não pavimentada e sem meio fio,Fazenda Canguiri,PFCG,,7400.0,53.84081112640252,POINT Z (687672.2720070548 7190333.865540433 0),687672.2720070548,7190333.865540433
8,Via não pavimentada e sem meio fio,Fazenda Canguiri,PFCG,,7440.0,236.67120365405597,POINT Z (687703.1588844953 7190354.001074761 0),687703.1588844953,7190354.001074761
8,Via não pavimentada e sem meio fio,Fazenda Canguiri,PFCG,,7460.0,233.50455991858212,POINT Z (687686.7954823601 7190342.514708312 0),687686.7954823601,7190342.514708312
8,Via não pavimentada e sem meio fio,Fazenda Canguiri,PFCG,,7580.0,83.34869014129498,POINT Z (687616.9074828386 7190287.724752281 0),687616.9074828386,7190287.724752281
8,Via não pavimentada e sem meio fio,Fazenda Canguiri,PFCG,,7600.0,89.86562716031798,POINT Z (687636.7291294424 7190290.064481053 0),687636.7291294424,7190290.064481053
8,Via não pavimentada e sem meio fio,Fazenda Canguiri,PFCG,,7620.0,94.95381503217266,POINT Z (687656.7052912798 7190289.511096756 0),687656.7052912798,7190289.511096756
8,Via não pavimentada e sem meio fio,Fazenda Canguiri,PFCG,,7640.0,101.53801434550056,POINT Z (687676.4907969366 7190286.739940004 0),687676.4907969366,7190286.739940004
8,Via não pavimentada e sem meio fio,Fazenda Canguiri,PFCG,,7660.0,84.9668743131094,POINT Z (687696.2343501276 7190283.962663416 0),687696.2343501276,7190283.962663416
8,Via não pavimentada e sem meio fio,Fazenda Canguiri,PFCG,,7680.0,71.09149036989685,POINT Z (687715.8605574067 7190287.3257547645 0),687715.8605574067,7190287.3257547645
8,Via não pavimentada e sem meio fio,Fazenda Canguiri,PFCG,,7700.0,66.06852414730344,POINT Z (687734.6684073926 7190294.07519225 0),687734.6684073926,7190294.07519225
8,Via não pavimentada e sem meio fio,Fazenda Canguiri,PFCG,,7720.0,41.97351919110745,POINT Z (687750.1850579767 7190306.548437703 0),687750.1850579767,7190306.548437703
8,Via não pavimentada e sem meio fio,Fazenda Canguiri,PFCG,,7740.0,40.3760795780426,POINT Z (687764.1352037251 7190320.847120271 0),687764.1352037251,7190320.847120271
8,Via não pavimentada e sem meio fio,Fazenda Canguiri,PFCG,,7760.0,56.227667328159505,POINT Z (687781.2866468949 7190330.473019447 0),687781.2866468949,7190330.473019447
8,Via não pavimentada e sem meio fio,Fazenda Canguiri,PFCG,,7780.0,55.7405933928595,POINT Z (687797.860627962 7190341.666587444 0),687797.860627962,7190341.666587444
8,Via não pavimentada e sem meio fio,Fazenda Canguiri,PFCG,,7800.0,53.32938734011879,POINT Z (687814.0176765244 7190353.448859885 0),687814.0176765244,7190353.448859885
8,Via não pavimentada e sem meio fio,Fazenda Canguiri,PFCG,,7820.0,35.90546317523889,POINT Z (687828.0619031801 7190367.603355621 0),687828.0619031801,7190367.603355621
8,Via não pavimentada e sem meio fio,Fazenda Canguiri,PFCG,,7840.0,24.356832513215362,POINT Z (687839.0281873121 7190384.245750467 0),687839.0281873121,7190384.245750467
8,Via não pavimentada e sem meio fio,Fazenda Canguiri,PFCG,,7860.0,340.7648567644293,POINT Z (687840.97130367 7190403.412661581 0),687840.97130367,7190403.412661581
8,Via não pavimentada e sem meio fio,Fazenda Canguiri,PFCG,,7880.0,335.1015417492315,POINT Z (687833.3471700316 7190421.876491679 0),687833.3471700316,7190421.876491679
8,Via não pavimentada e sem meio fio,Fazenda Canguiri,PFCG,,7900.0,331.66902310645355,POINT Z (687823.9077784551 7190439.506912023 0),687823.9077784551,7190439.506912023
8,Via não pavimentada e sem meio fio,Fazenda Canguiri,PFCG,,7920.0,333.5877256966802,POINT Z (687814.5202291713 7190457.165035702 0),687814.5202291713,7190457.165035702
8,Via não pavimentada e sem meio fio,Fazenda Canguiri,PFCG,,7940.0,335.6142196141199,POINT Z (687805.9641707748 7190475.239031427 0),687805.9641707748,7190475.239031427
8,Via não pavimentada e sem meio fio,Fazenda Canguiri,PFCG,,7960.0,342.9061271436305,POINT Z (687798.2927834664 7190493.693937895 0),687798.2927834664,7190493.693937895
8,Via não pavimentada e sem meio fio,Fazenda Canguiri,PFCG,,8000.0,258.7408361416431,POINT Z (687763.5513210115 7190498.080029103 0),687763.5513210115,7190498.080029103
