id,local,cod_local,tipo_trech,E,N,geometry,x,y
27,Fazenda Canguiri,PFCG,Curso dagua temporário,687735.702,7190955.359,POINT Z (687735.7016952157 7190955.358603115 0),687735.7016952157,7190955.358603115
27,Fazenda Canguiri,PFCG,Curso dagua temporário,687742.474,7190937.426,POINT Z (687742.4744980781 7190937.425674334 0),687742.4744980781,7190937.425674334
27,Fazenda Canguiri,PFCG,Curso dagua temporário,687756.119,7190922.97,POINT Z (687756.1185141962 7190922.969842098 0),687756.1185141962,7190922.969842098
27,Fazenda Canguiri,PFCG,Curso dagua temporário,687768.867,7190907.721,POINT Z (687768.8673161177 7190907.721053908 0),687768.8673161177,7190907.721053908
27,Fazenda Canguiri,PFCG,Curso dagua temporário,687783.656,7190894.256,POINT Z (687783.6558590132 7190894.256322234 0),687783.6558590132,7190894.256322234
27,Fazenda Canguiri,PFCG,Curso dagua temporário,687797.237,7190879.673,POINT Z (687797.2365933551 7190879.672905086 0),687797.2365933551,7190879.672905086
46,Fazenda Canguiri,PFCG,Curso dagua temporário,687324.021,7190178.993,POINT Z (687324.0214554808 7190178.992768005 0),687324.0214554808,7190178.992768005
1,Fazenda Canguiri,PFCG,Curso dagua,686647.391,7190495.921,POINT Z (686647.3909392514 7190495.920567004 0),686647.3909392514,7190495.920567004
1,Fazenda Canguiri,PFCG,Curso dagua,686628.301,7190501.867,POINT Z (686628.3014167245 7190501.866954608 0),686628.3014167245,7190501.866954608
1,Fazenda Canguiri,PFCG,Curso dagua,686608.566,7190501.149,POINT Z (686608.5663059893 7190501.149350483 0),686608.5663059893,7190501.149350483
1,Fazenda Canguiri,PFCG,Curso dagua,686590.686,7190492.405,POINT Z (686590.6858157851 7190492.404738061 0),686590.6858157851,7190492.404738061
1,Fazenda Canguiri,PFCG,Curso dagua,686575.679,7190479.243,POINT Z (686575.6794348595 7190479.243033496 0),686575.6794348595,7190479.243033496
1,Fazenda Canguiri,PFCG,Curso dagua,686558.395,7190469.726,POINT Z (686558.3948485147 7190469.725814293 0),686558.3948485147,7190469.725814293
1,Fazenda Canguiri,PFCG,Curso dagua,686539.062,7190464.715,POINT Z (686539.0620960406 7190464.714592751 0),686539.0620960406,7190464.714592751
1,Fazenda Canguiri,PFCG,Curso dagua,686519.325,7190466.78,POINT Z (686519.3246806089 7190466.780230197 0),686519.3246806089,7190466.780230197
1,Fazenda Canguiri,PFCG,Curso dagua,686499.565,7190469.361,POINT Z (686499.5647254296 7190469.36096138 0),686499.5647254296,7190469.36096138
1,Fazenda Canguiri,PFCG,Curso dagua,686480.075,7190473.244,POINT Z (686480.0752851058 7190473.24381605 0),686480.0752851058,7190473.24381605
1,Fazenda Canguiri,PFCG,Curso dagua,686463.356,7190484.083,POINT Z (686463.35605342 7190484.08313587 0),686463.35605342,7190484.08313587
2,Fazenda Canguiri,PFCG,Curso dagua,687323.625,7190881.344,POINT Z (687323.6251096678 7190881.344089991 0),687323.6251096678,7190881.344089991
2,Fazenda Canguiri,PFCG,Curso dagua,687336.25,7190866.194,POINT Z (687336.2496295444 7190866.1941614915 0),687336.2496295444,7190866.1941614915
2,Fazenda Canguiri,PFCG,Curso dagua,687352.774,7190855.737,POINT Z (687352.7743307945 7190855.73687965 0),687352.7743307945,7190855.73687965
2,Fazenda Canguiri,PFCG,Curso dagua,687369.388,7190844.868,POINT Z (687369.3875579953 7190844.868372263 0),687369.3875579953,7190844.868372263
2,Fazenda Canguiri,PFCG,Curso dagua,687387.978,7190837.548,POINT Z (687387.97845349 7190837.548336663 0),687387.97845349,7190837.548336663
2,Fazenda Canguiri,PFCG,Curso dagua,687406.799,7190830.949,POINT Z (687406.7986894941 7190830.948791066 0),687406.7986894941,7190830.948791066
2,Fazenda Canguiri,PFCG,Curso dagua,687423.375,7190820.987,POINT Z (687423.3745836817 7190820.986685131 0),687423.3745836817,7190820.986685131
2,Fazenda Canguiri,PFCG,Curso dagua,687430.039,7190802.191,POINT Z (687430.0388301266 7190802.190728825 0),687430.0388301266,7190802.190728825
2,Fazenda Canguiri,PFCG,Curso dagua,687439.832,7190785.054,POINT Z (687439.8321166374 7190785.053872882 0),687439.8321166374,7190785.053872882
2,Fazenda Canguiri,PFCG,Curso dagua,687454.733,7190771.847,POINT Z (687454.7333911551 7190771.846643354 0),687454.7333911551,7190771.846643354
2,Fazenda Canguiri,PFCG,Curso dagua,687472.215,7190762.237,POINT Z (687472.215034864 7190762.236572084 0),687472.215034864,7190762.236572084
2,Fazenda Canguiri,PFCG,Curso dagua,687491.512,7190758.719,POINT Z (687491.5120339935 7190758.718564045 0),687491.5120339935,7190758.718564045
2,Fazenda Canguiri,PFCG,Curso dagua,687511.184,7190760.832,POINT Z (687511.1838991493 7190760.831894161 0),687511.1838991493,7190760.831894161
2,Fazenda Canguiri,PFCG,Curso dagua,687530.913,7190761.71,POINT Z (687530.9128096547 7190761.71000474 0),687530.9128096547,7190761.71000474
2,Fazenda Canguiri,PFCG,Curso dagua,687549.313,7190754.233,POINT Z (687549.3126653823 7190754.233499685 0),687549.3126653823,7190754.233499685
2,Fazenda Canguiri,PFCG,Curso dagua,687569.104,7190751.967,POINT Z (687569.1039003404 7190751.967292089 0),687569.1039003404,7190751.967292089
5,Fazenda Canguiri,PFCG,Curso dagua,687704.637,7190800.366,POINT Z (687704.6372408663 7190800.365547136 0),687704.6372408663,7190800.365547136
5,Fazenda Canguiri,PFCG,Curso dagua,687713.058,7190817.758,POINT Z (687713.0583412043 7190817.758209815 0),687713.0583412043,7190817.758209815
5,Fazenda Canguiri,PFCG,Curso dagua,687728.474,7190830.223,POINT Z (687728.4736183726 7190830.223262405 0),687728.4736183726,7190830.223262405
5,Fazenda Canguiri,PFCG,Curso dagua,687747.333,7190834.747,POINT Z (687747.3334746144 7190834.747211218 0),687747.3334746144,7190834.747211218
5,Fazenda Canguiri,PFCG,Curso dagua,687763.948,7190844.777,POINT Z (687763.9475555256 7190844.776767085 0),687763.9475555256,7190844.776767085
5,Fazenda Canguiri,PFCG,Curso dagua,687778.696,7190856.907,POINT Z (687778.6955437883 7190856.907380069 0),687778.6955437883,7190856.907380069
5,Fazenda Canguiri,PFCG,Curso dagua,687793.972,7190869.412,POINT Z (687793.9723402399 7190869.412454585 0),687793.9723402399,7190869.412454585
5,Fazenda Canguiri,PFCG,Curso dagua,687813.368,7190867.707,POINT Z (687813.3681395949 7190867.707246943 0),687813.3681395949,7190867.707246943
5,Fazenda Canguiri,PFCG,Curso dagua,687831.693,7190875.016,POINT Z (687831.6929235451 7190875.015924664 0),687831.6929235451,7190875.015924664
6,Fazenda Canguiri,PFCG,Curso dagua,687356.918,7190059.255,POINT Z (687356.9179850774 7190059.25479964 0),687356.9179850774,7190059.25479964
6,Fazenda Canguiri,PFCG,Curso dagua,687374.381,7190063.997,POINT Z (687374.3813161626 7190063.997081981 0),687374.3813161626,7190063.997081981
6,Fazenda Canguiri,PFCG,Curso dagua,687393.314,7190065.286,POINT Z (687393.313786677 7190065.286358322 0),687393.313786677,7190065.286358322
6,Fazenda Canguiri,PFCG,Curso dagua,687412.36,7190060.699,POINT Z (687412.3603180944 7190060.698951092 0),687412.3603180944,7190060.698951092
6,Fazenda Canguiri,PFCG,Curso dagua,687429.811,7190051.324,POINT Z (687429.8107529243 7190051.32384984 0),687429.8107529243,7190051.32384984
6,Fazenda Canguiri,PFCG,Curso dagua,687449.492,7190048.447,POINT Z (687449.4920826353 7190048.446988267 0),687449.4920826353,7190048.446988267
6,Fazenda Canguiri,PFCG,Curso dagua,687468.883,7190045.021,POINT Z (687468.8833729415 7190045.021102105 0),687468.8833729415,7190045.021102105
6,Fazenda Canguiri,PFCG,Curso dagua,687488.535,7190045.274,POINT Z (687488.5353059379 7190045.274126172 0),687488.5353059379,7190045.274126172
6,Fazenda Canguiri,PFCG,Curso dagua,687508.078,7190041.461,POINT Z (687508.0777180585 7190041.461340829 0),687508.0777180585,7190041.461340829
6,Fazenda Canguiri,PFCG,Curso dagua,687527.662,7190037.578,POINT Z (687527.662408092 7190037.577781295 0),687527.662408092,7190037.577781295
6,Fazenda Canguiri,PFCG,Curso dagua,687547.314,7190035.324,POINT Z (687547.3142985794 7190035.324332313 0),687547.3142985794,7190035.324332313
6,Fazenda Canguiri,PFCG,Curso dagua,687563.291,7190046.568,POINT Z (687563.2913909077 7190046.5683555 0),687563.2913909077,7190046.5683555
6,Fazenda Canguiri,PFCG,Curso dagua,687581.17,7190051.237,POINT Z (687581.1701946368 7190051.236928042 0),687581.1701946368,7190051.236928042
6,Fazenda Canguiri,PFCG,Curso dagua,687600.541,7190050.687,POINT Z (687600.540709684 7190050.687022055 0),687600.540709684,7190050.687022055
6,Fazenda Canguiri,PFCG,Curso dagua,687620.211,7190047.699,POINT Z (687620.2113107236 7190047.698764459 0),687620.2113107236,7190047.698764459
6,Fazenda Canguiri,PFCG,Curso dagua,687639.384,7190042.508,POINT Z (687639.3839924285 7190042.508383314 0),687639.3839924285,7190042.508383314
6,Fazenda Canguiri,PFCG,Curso dagua,687643.758,7190024.191,POINT Z (687643.7575076527 7190024.191335502 0),687643.7575076527,7190024.191335502
6,Fazenda Canguiri,PFCG,Curso dagua,687630.906,7190009.298,POINT Z (687630.9057641124 7190009.297969747 0),687630.9057641124,7190009.297969747
6,Fazenda Canguiri,PFCG,Curso dagua,687632.787,7189993.775,POINT Z (687632.787038505 7189993.775185109 0),687632.787038505,7189993.775185109
6,Fazenda Canguiri,PFCG,Curso dagua,687650.711,7189985.052,POINT Z (687650.7113583415 7189985.052292365 0),687650.7113583415,7189985.052292365
6,Fazenda Canguiri,PFCG,Curso dagua,687668.896,7189978.92,POINT Z (687668.8957609975 7189978.919961717 0),687668.8957609975,7189978.919961717
6,Fazenda Canguiri,PFCG,Curso dagua,687682.269,7189986.444,POINT Z (687682.2685970328 7189986.443731547 0),687682.2685970328,7189986.443731547
6,Fazenda Canguiri,PFCG,Curso dagua,687693.16,7190001.308,POINT Z (687693.1600310009 7190001.308303888 0),687693.1600310009,7190001.308303888
6,Fazenda Canguiri,PFCG,Curso dagua,687708.318,7190012.856,POINT Z (687708.318157633 7190012.855557042 0),687708.318157633,7190012.855557042
6,Fazenda Canguiri,PFCG,Curso dagua,687717.744,7190029.696,POINT Z (687717.74396074 7190029.696361473 0),687717.74396074,7190029.696361473
6,Fazenda Canguiri,PFCG,Curso dagua,687730.832,7190044.516,POINT Z (687730.8315225668 7190044.516397093 0),687730.8315225668,7190044.516397093
24,Fazenda Canguiri,PFCG,Curso dagua temporário,687551.966,7190993.539,POINT Z (687551.9664274867 7190993.538946741 0),687551.9664274867,7190993.538946741
24,Fazenda Canguiri,PFCG,Curso dagua temporário,687566.681,7190980.163,POINT Z (687566.6810545088 7190980.162544793 0),687566.6810545088,7190980.162544793
24,Fazenda Canguiri,PFCG,Curso dagua temporário,687584.295,7190970.726,POINT Z (687584.295396146 7190970.726036102 0),687584.295396146,7190970.726036102
24,Fazenda Canguiri,PFCG,Curso dagua temporário,687600.96,7190959.786,POINT Z (687600.9595579578 7190959.78631338 0),687600.9595579578,7190959.78631338
24,Fazenda Canguiri,PFCG,Curso dagua temporário,687613.985,7190944.786,POINT Z (687613.9849511898 7190944.786208018 0),687613.9849511898,7190944.786208018
24,Fazenda Canguiri,PFCG,Curso dagua temporário,687627.123,7190929.83,POINT Z (687627.1231692736 7190929.829897626 0),687627.1231692736,7190929.829897626
24,Fazenda Canguiri,PFCG,Curso dagua temporário,687643.67,7190919.132,POINT Z (687643.6697979327 7190919.132264644 0),687643.6697979327,7190919.132264644
24,Fazenda Canguiri,PFCG,Curso dagua temporário,687657.734,7190905.156,POINT Z (687657.7336884618 7190905.156352396 0),687657.7336884618,7190905.156352396
24,Fazenda Canguiri,PFCG,Curso dagua temporário,687666.025,7190887.159,POINT Z (687666.0245792121 7190887.159213661 0),687666.0245792121,7190887.159213661
24,Fazenda Canguiri,PFCG,Curso dagua temporário,687669.176,7190867.419,POINT Z (687669.1762101995 7190867.418616649 0),687669.1762101995,7190867.418616649
24,Fazenda Canguiri,PFCG,Curso dagua temporário,687669.57,7190847.541,POINT Z (687669.5700717143 7190847.540733983 0),687669.5700717143,7190847.540733983
12,Fazenda Canguiri,PFCG,Curso dagua,687745.164,7190054.175,POINT Z (687745.1639229358 7190054.175097142 0),687745.1639229358,7190054.175097142
12,Fazenda Canguiri,PFCG,Curso dagua,687763.134,7190062.37,POINT Z (687763.1340492715 7190062.369592597 0),687763.1340492715,7190062.369592597
12,Fazenda Canguiri,PFCG,Curso dagua,687778.41,7190074.671,POINT Z (687778.4095119367 7190074.670513665 0),687778.4095119367,7190074.670513665
12,Fazenda Canguiri,PFCG,Curso dagua,687788.388,7190091.734,POINT Z (687788.3878755826 7190091.734160156 0),687788.3878755826,7190091.734160156
12,Fazenda Canguiri,PFCG,Curso dagua,687807.114,7190096.006,POINT Z (687807.1137594942 7190096.005942249 0),687807.1137594942,7190096.005942249
12,Fazenda Canguiri,PFCG,Curso dagua,687827.058,7190096.666,POINT Z (687827.0578069143 7190096.665903829 0),687827.0578069143,7190096.665903829
15,Fazenda Canguiri,PFCG,Curso dagua,687168.857,7190174.478,POINT Z (687168.8567198333 7190174.478390826 0),687168.8567198333,7190174.478390826
15,Fazenda Canguiri,PFCG,Curso dagua,687175.399,7190156.743,POINT Z (687175.3990763829 7190156.742783346 0),687175.3990763829,7190156.742783346
15,Fazenda Canguiri,PFCG,Curso dagua,687188.494,7190142.823,POINT Z (687188.4935008216 7190142.822816601 0),687188.4935008216,7190142.822816601
15,Fazenda Canguiri,PFCG,Curso dagua,687204.854,7190132.451,POINT Z (687204.8536777716 7190132.450735612 0),687204.8536777716,7190132.450735612
15,Fazenda Canguiri,PFCG,Curso dagua,687224.028,7190127.58,POINT Z (687224.0280118695 7190127.579648416 0),687224.0280118695,7190127.579648416
15,Fazenda Canguiri,PFCG,Curso dagua,687233.601,7190110.825,POINT Z (687233.6012916912 7190110.824585998 0),687233.6012916912,7190110.824585998
15,Fazenda Canguiri,PFCG,Curso dagua,687246.449,7190096.156,POINT Z (687246.4490276735 7190096.155501223 0),687246.4490276735,7190096.155501223
15,Fazenda Canguiri,PFCG,Curso dagua,687264.001,7190086.952,POINT Z (687264.0005828651 7190086.951865791 0),687264.0005828651,7190086.951865791
15,Fazenda Canguiri,PFCG,Curso dagua,687280.568,7190075.859,POINT Z (687280.5684041764 7190075.859361008 0),687280.5684041764,7190075.859361008
25,Fazenda Canguiri,PFCG,Curso dagua temporário,687535.504,7190847.535,POINT Z (687535.5041803509 7190847.534758674 0),687535.5041803509,7190847.534758674
25,Fazenda Canguiri,PFCG,Curso dagua temporário,687553.77,7190839.858,POINT Z (687553.7703159021 7190839.857893894 0),687553.7703159021,7190839.857893894
25,Fazenda Canguiri,PFCG,Curso dagua temporário,687572.926,7190834.628,POINT Z (687572.9260956227 7190834.6282084845 0),687572.9260956227,7190834.6282084845
25,Fazenda Canguiri,PFCG,Curso dagua temporário,687588.807,7190822.684,POINT Z (687588.8074131815 7190822.683751747 0),687588.8074131815,7190822.683751747
25,Fazenda Canguiri,PFCG,Curso dagua temporário,687603.918,7190809.646,POINT Z (687603.9184354993 7190809.646236634 0),687603.9184354993,7190809.646236634
25,Fazenda Canguiri,PFCG,Curso dagua temporário,687620.751,7190798.853,POINT Z (687620.75114472 7190798.852637263 0),687620.75114472,7190798.852637263
23,Fazenda Canguiri,PFCG,Curso dagua temporário,686669.129,7190377.056,POINT Z (686669.1289375764 7190377.056162696 0),686669.1289375764,7190377.056162696
23,Fazenda Canguiri,PFCG,Curso dagua temporário,686649.546,7190380.824,POINT Z (686649.5458922117 7190380.824224464 0),686649.5458922117,7190380.824224464
23,Fazenda Canguiri,PFCG,Curso dagua temporário,686631.13,7190388.562,POINT Z (686631.1301662149 7190388.562022012 0),686631.1301662149,7190388.562022012
23,Fazenda Canguiri,PFCG,Curso dagua temporário,686612.014,7190394.146,POINT Z (686612.0143855462 7190394.146190906 0),686612.0143855462,7190394.146190906
23,Fazenda Canguiri,PFCG,Curso dagua temporário,686594.394,7190403.593,POINT Z (686594.394195852 7190403.5929260915 0),686594.394195852,7190403.5929260915
23,Fazenda Canguiri,PFCG,Curso dagua temporário,686576.435,7190412.295,POINT Z (686576.4354943455 7190412.295336803 0),686576.4354943455,7190412.295336803
23,Fazenda Canguiri,PFCG,Curso dagua temporário,686559.402,7190422.458,POINT Z (686559.4019264672 7190422.457939411 0),686559.4019264672,7190422.457939411
23,Fazenda Canguiri,PFCG,Curso dagua temporário,686544.527,7190435.828,POINT Z (686544.5274395267 7190435.827667839 0),686544.5274395267,7190435.827667839
23,Fazenda Canguiri,PFCG,Curso dagua temporário,686529.494,7190449.016,POINT Z (686529.4938234887 7190449.016464355 0),686529.4938234887,7190449.016464355
23,Fazenda Canguiri,PFCG,Curso dagua temporário,686514.227,7190461.919,POINT Z (686514.2273372135 7190461.918820026 0),686514.2273372135,7190461.918820026
26,Fazenda Canguiri,PFCG,Curso dagua temporário,687499.361,7190610.203,POINT Z (687499.3609756706 7190610.202529383 0),687499.3609756706,7190610.202529383
26,Fazenda Canguiri,PFCG,Curso dagua temporário,687508.687,7190627.782,POINT Z (687508.6874271329 7190627.7823880715 0),687508.6874271329,7190627.7823880715
26,Fazenda Canguiri,PFCG,Curso dagua temporário,687523.003,7190641.702,POINT Z (687523.0025374403 7190641.70221554 0),687523.0025374403,7190641.70221554
26,Fazenda Canguiri,PFCG,Curso dagua temporário,687534.267,7190658.203,POINT Z (687534.266573208 7190658.202963604 0),687534.266573208,7190658.202963604
26,Fazenda Canguiri,PFCG,Curso dagua temporário,687547.579,7190672.482,POINT Z (687547.5787331659 7190672.482002178 0),687547.5787331659,7190672.482002178
26,Fazenda Canguiri,PFCG,Curso dagua temporário,687559.233,7190688.541,POINT Z (687559.2325965256 7190688.540743001 0),687559.2325965256,7190688.540743001
26,Fazenda Canguiri,PFCG,Curso dagua temporário,687567.833,7190706.567,POINT Z (687567.8330370218 7190706.56693328 0),687567.8330370218,7190706.56693328
26,Fazenda Canguiri,PFCG,Curso dagua temporário,687579.95,7190722.458,POINT Z (687579.9501897594 7190722.458146116 0),687579.9501897594,7190722.458146116
36,Fazenda Canguiri,PFCG,Curso dagua temporário,687359.74,7190664.016,POINT Z (687359.74028444 7190664.0156895155 0),687359.74028444,7190664.0156895155
36,Fazenda Canguiri,PFCG,Curso dagua temporário,687379.499,7190661.768,POINT Z (687379.4985886571 7190661.767906086 0),687379.4985886571,7190661.767906086
36,Fazenda Canguiri,PFCG,Curso dagua temporário,687398.998,7190666.176,POINT Z (687398.9982103009 7190666.175727202 0),687398.9982103009,7190666.175727202
36,Fazenda Canguiri,PFCG,Curso dagua temporário,687418.434,7190670.869,POINT Z (687418.4336463375 7190670.86944909 0),687418.4336463375,7190670.86944909
36,Fazenda Canguiri,PFCG,Curso dagua temporário,687436.204,7190679.918,POINT Z (687436.2043047051 7190679.917600318 0),687436.2043047051,7190679.917600318
36,Fazenda Canguiri,PFCG,Curso dagua temporário,687455.902,7190681.77,POINT Z (687455.9024532961 7190681.76983574 0),687455.9024532961,7190681.76983574
36,Fazenda Canguiri,PFCG,Curso dagua temporário,687474.974,7190686.166,POINT Z (687474.9744785973 7190686.166460299 0),687474.9744785973,7190686.166460299
36,Fazenda Canguiri,PFCG,Curso dagua temporário,687494.717,7190683.119,POINT Z (687494.7171183615 7190683.118700874 0),687494.7171183615,7190683.118700874
36,Fazenda Canguiri,PFCG,Curso dagua temporário,687513.827,7190678.2,POINT Z (687513.8274501783 7190678.19990956 0),687513.8274501783,7190678.19990956
36,Fazenda Canguiri,PFCG,Curso dagua temporário,687533.351,7190682.502,POINT Z (687533.351151384 7190682.50214337 0),687533.351151384,7190682.50214337
36,Fazenda Canguiri,PFCG,Curso dagua temporário,687552.967,7190686.403,POINT Z (687552.9670437742 7190686.403010675 0),687552.9670437742,7190686.403010675
37,Fazenda Canguiri,PFCG,Curso dagua temporário,687829.454,7191143.968,POINT Z (687829.4543824984 7191143.967834086 0),687829.4543824984,7191143.967834086
37,Fazenda Canguiri,PFCG,Curso dagua temporário,687828.191,7191124.063,POINT Z (687828.1908742706 7191124.063105546 0),687828.1908742706,7191124.063105546
37,Fazenda Canguiri,PFCG,Curso dagua temporário,687829.224,7191104.184,POINT Z (687829.223714838 7191104.184081414 0),687829.223714838,7191104.184081414
37,Fazenda Canguiri,PFCG,Curso dagua temporário,687829.97,7191084.28,POINT Z (687829.9704743528 7191084.279774454 0),687829.9704743528,7191084.279774454
37,Fazenda Canguiri,PFCG,Curso dagua temporário,687834.499,7191064.827,POINT Z (687834.4985566387 7191064.827381111 0),687834.4985566387,7191064.827381111
37,Fazenda Canguiri,PFCG,Curso dagua temporário,687840.339,7191045.706,POINT Z (687840.3391504296 7191045.7057640655 0),687840.3391504296,7191045.7057640655
38,Fazenda Canguiri,PFCG,Curso dagua temporário,687130.169,7190500.495,POINT Z (687130.1690582172 7190500.495269394 0),687130.1690582172,7190500.495269394
38,Fazenda Canguiri,PFCG,Curso dagua temporário,687124.519,7190481.685,POINT Z (687124.5194009413 7190481.684520467 0),687124.5194009413,7190481.684520467
38,Fazenda Canguiri,PFCG,Curso dagua temporário,687111.856,7190466.331,POINT Z (687111.855636608 7190466.330641433 0),687111.855636608,7190466.330641433
38,Fazenda Canguiri,PFCG,Curso dagua temporário,687110.934,7190447.042,POINT Z (687110.9342695631 7190447.04178309 0),687110.9342695631,7190447.04178309
38,Fazenda Canguiri,PFCG,Curso dagua temporário,687115.593,7190427.715,POINT Z (687115.5925907127 7190427.714687604 0),687115.5925907127,7190427.714687604
38,Fazenda Canguiri,PFCG,Curso dagua temporário,687119.178,7190408.406,POINT Z (687119.1783549833 7190408.406057553 0),687119.1783549833,7190408.406057553
38,Fazenda Canguiri,PFCG,Curso dagua temporário,687116.543,7190388.93,POINT Z (687116.5429748176 7190388.92955512 0),687116.5429748176,7190388.92955512
38,Fazenda Canguiri,PFCG,Curso dagua temporário,687123.014,7190370.351,POINT Z (687123.0144587667 7190370.351448186 0),687123.0144587667,7190370.351448186
38,Fazenda Canguiri,PFCG,Curso dagua temporário,687130.924,7190352.106,POINT Z (687130.923904301 7190352.105611881 0),687130.923904301,7190352.105611881
38,Fazenda Canguiri,PFCG,Curso dagua temporário,687131.697,7190332.447,POINT Z (687131.6971789043 7190332.4474185165 0),687131.6971789043,7190332.4474185165
38,Fazenda Canguiri,PFCG,Curso dagua temporário,687130.237,7190312.785,POINT Z (687130.2372880672 7190312.785059717 0),687130.2372880672,7190312.785059717
38,Fazenda Canguiri,PFCG,Curso dagua temporário,687124.235,7190293.707,POINT Z (687124.2351494624 7190293.707060906 0),687124.2351494624,7190293.707060906
38,Fazenda Canguiri,PFCG,Curso dagua temporário,687118.476,7190274.624,POINT Z (687118.4762191463 7190274.623580671 0),687118.4762191463,7190274.623580671
38,Fazenda Canguiri,PFCG,Curso dagua temporário,687115.02,7190254.925,POINT Z (687115.0197713801 7190254.92469722 0),687115.0197713801,7190254.92469722
38,Fazenda Canguiri,PFCG,Curso dagua temporário,687111.809,7190235.199,POINT Z (687111.8087974928 7190235.198616449 0),687111.8087974928,7190235.198616449
38,Fazenda Canguiri,PFCG,Curso dagua temporário,687112.16,7190215.213,POINT Z (687112.1601553798 7190215.212717942 0),687112.1601553798,7190215.212717942
39,Fazenda Canguiri,PFCG,Curso dagua temporário,687774.383,7190320.693,POINT Z (687774.3834971325 7190320.693262265 0),687774.3834971325,7190320.693262265
39,Fazenda Canguiri,PFCG,Curso dagua temporário,687775.784,7190301.02,POINT Z (687775.783865534 7190301.020444169 0),687775.783865534,7190301.020444169
39,Fazenda Canguiri,PFCG,Curso dagua temporário,687779.265,7190281.583,POINT Z (687779.2647530416 7190281.582880922 0),687779.2647530416,7190281.582880922
39,Fazenda Canguiri,PFCG,Curso dagua temporário,687783.095,7190262.167,POINT Z (687783.0953833912 7190262.166712216 0),687783.0953833912,7190262.166712216
39,Fazenda Canguiri,PFCG,Curso dagua temporário,687784.061,7190242.301,POINT Z (687784.0613808664 7190242.300561105 0),687784.0613808664,7190242.300561105
39,Fazenda Canguiri,PFCG,Curso dagua temporário,687786.113,7190222.869,POINT Z (687786.1128393223 7190222.868932492 0),687786.1128393223,7190222.868932492
39,Fazenda Canguiri,PFCG,Curso dagua temporário,687797.3,7190206.479,POINT Z (687797.3004874995 7190206.479394066 0),687797.3004874995,7190206.479394066
39,Fazenda Canguiri,PFCG,Curso dagua temporário,687807.731,7190189.734,POINT Z (687807.7307772308 7190189.734064525 0),687807.7307772308,7190189.734064525
39,Fazenda Canguiri,PFCG,Curso dagua temporário,687817.068,7190172.234,POINT Z (687817.0681598287 7190172.234091151 0),687817.0681598287,7190172.234091151
39,Fazenda Canguiri,PFCG,Curso dagua temporário,687829.582,7190156.674,POINT Z (687829.5824110869 7190156.673528898 0),687829.5824110869,7190156.673528898
39,Fazenda Canguiri,PFCG,Curso dagua temporário,687842.73,7190141.616,POINT Z (687842.7295338275 7190141.616397845 0),687842.7295338275,7190141.616397845
41,Fazenda Canguiri,PFCG,Curso dagua temporário,687684.597,7189905.136,POINT Z (687684.5966505449 7189905.136 0),687684.5966505449,7189905.136
41,Fazenda Canguiri,PFCG,Curso dagua temporário,687679.367,7189924.354,POINT Z (687679.3671088346 7189924.354487422 0),687679.3671088346,7189924.354487422
41,Fazenda Canguiri,PFCG,Curso dagua temporário,687676.999,7189944.067,POINT Z (687676.9986783983 7189944.067460206 0),687676.9986783983,7189944.067460206
41,Fazenda Canguiri,PFCG,Curso dagua temporário,687678.961,7189963.815,POINT Z (687678.960523172 7189963.814835802 0),687678.960523172,7189963.814835802
43,Fazenda Canguiri,PFCG,Curso dagua temporário,687319.619,7190495.742,POINT Z (687319.6189932073 7190495.742484693 0),687319.6189932073,7190495.742484693
43,Fazenda Canguiri,PFCG,Curso dagua temporário,687310.861,7190477.83,POINT Z (687310.860975693 7190477.830350815 0),687310.860975693,7190477.830350815
43,Fazenda Canguiri,PFCG,Curso dagua temporário,687302.648,7190459.71,POINT Z (687302.6481053733 7190459.709927413 0),687302.6481053733,7190459.709927413
43,Fazenda Canguiri,PFCG,Curso dagua temporário,687292.122,7190443.146,POINT Z (687292.1216863866 7190443.145544292 0),687292.1216863866,7190443.145544292
43,Fazenda Canguiri,PFCG,Curso dagua temporário,687281.575,7190426.242,POINT Z (687281.5752947418 7190426.241791265 0),687281.5752947418,7190426.241791265
43,Fazenda Canguiri,PFCG,Curso dagua temporário,687272.428,7190408.568,POINT Z (687272.4279670602 7190408.567791396 0),687272.4279670602,7190408.567791396
43,Fazenda Canguiri,PFCG,Curso dagua temporário,687262.338,7190391.392,POINT Z (687262.3383108011 7190391.3919404475 0),687262.3383108011,7190391.3919404475
43,Fazenda Canguiri,PFCG,Curso dagua temporário,687255.346,7190372.83,POINT Z (687255.3455755853 7190372.829674373 0),687255.3455755853,7190372.829674373
43,Fazenda Canguiri,PFCG,Curso dagua temporário,687250.721,7190353.836,POINT Z (687250.7205261083 7190353.836052212 0),687250.7205261083,7190353.836052212
43,Fazenda Canguiri,PFCG,Curso dagua temporário,687246.578,7190334.34,POINT Z (687246.5784963256 7190334.339618978 0),687246.5784963256,7190334.339618978
43,Fazenda Canguiri,PFCG,Curso dagua temporário,687242.393,7190314.966,POINT Z (687242.3927924089 7190314.965674272 0),687242.3927924089,7190314.965674272
43,Fazenda Canguiri,PFCG,Curso dagua temporário,687237.262,7190296.562,POINT Z (687237.2619959328 7190296.561876894 0),687237.2619959328,7190296.561876894
43,Fazenda Canguiri,PFCG,Curso dagua temporário,687227.002,7190279.469,POINT Z (687227.0020724438 7190279.468751939 0),687227.0020724438,7190279.468751939
43,Fazenda Canguiri,PFCG,Curso dagua temporário,687213.341,7190264.899,POINT Z (687213.3407962385 7190264.899175514 0),687213.3407962385,7190264.899175514
43,Fazenda Canguiri,PFCG,Curso dagua temporário,687198.885,7190251.078,POINT Z (687198.8851306923 7190251.078163849 0),687198.8851306923,7190251.078163849
43,Fazenda Canguiri,PFCG,Curso dagua temporário,687185.489,7190236.24,POINT Z (687185.488954468 7190236.240338794 0),687185.488954468,7190236.240338794
43,Fazenda Canguiri,PFCG,Curso dagua temporário,687172.913,7190220.689,POINT Z (687172.9131259698 7190220.68898112 0),687172.9131259698,7190220.68898112
44,Fazenda Canguiri,PFCG,Curso dagua temporário,686813.986,7190472.031,POINT Z (686813.9859012181 7190472.031400321 0),686813.9859012181,7190472.031400321
44,Fazenda Canguiri,PFCG,Curso dagua temporário,686812.332,7190452.108,POINT Z (686812.332150622 7190452.107567167 0),686812.332150622,7190452.107567167
44,Fazenda Canguiri,PFCG,Curso dagua temporário,686814.571,7190432.39,POINT Z (686814.5710000194 7190432.389793014 0),686814.5710000194,7190432.389793014
44,Fazenda Canguiri,PFCG,Curso dagua temporário,686822.605,7190414.089,POINT Z (686822.6052960744 7190414.089095865 0),686822.6052960744,7190414.089095865
44,Fazenda Canguiri,PFCG,Curso dagua temporário,686830.204,7190395.589,POINT Z (686830.2036830473 7190395.588703562 0),686830.2036830473,7190395.588703562
44,Fazenda Canguiri,PFCG,Curso dagua temporário,686833.661,7190376.25,POINT Z (686833.6610939039 7190376.249738857 0),686833.6610939039,7190376.249738857
44,Fazenda Canguiri,PFCG,Curso dagua temporário,686840.548,7190357.726,POINT Z (686840.5475456413 7190357.725761365 0),686840.5475456413,7190357.725761365
44,Fazenda Canguiri,PFCG,Curso dagua temporário,686854.748,7190343.696,POINT Z (686854.7481012364 7190343.696195423 0),686854.7481012364,7190343.696195423
44,Fazenda Canguiri,PFCG,Curso dagua temporário,686871.773,7190333.26,POINT Z (686871.7733756579 7190333.259514406 0),686871.7733756579,7190333.259514406
44,Fazenda Canguiri,PFCG,Curso dagua temporário,686890.503,7190326.308,POINT Z (686890.5030697895 7190326.3082904685 0),686890.5030697895,7190326.3082904685
44,Fazenda Canguiri,PFCG,Curso dagua temporário,686909.473,7190319.975,POINT Z (686909.4734023788 7190319.975338213 0),686909.4734023788,7190319.975338213
44,Fazenda Canguiri,PFCG,Curso dagua temporário,686928.422,7190313.576,POINT Z (686928.4220352542 7190313.576173256 0),686928.4220352542,7190313.576173256
44,Fazenda Canguiri,PFCG,Curso dagua temporário,686947.762,7190308.524,POINT Z (686947.7623894882 7190308.524407966 0),686947.7623894882,7190308.524407966
44,Fazenda Canguiri,PFCG,Curso dagua temporário,686967.359,7190304.66,POINT Z (686967.3586935488 7190304.660215621 0),686967.3586935488,7190304.660215621
44,Fazenda Canguiri,PFCG,Curso dagua temporário,686987.329,7190304.857,POINT Z (686987.3290333819 7190304.856922282 0),686987.3290333819,7190304.856922282
44,Fazenda Canguiri,PFCG,Curso dagua temporário,687007.115,7190302.346,POINT Z (687007.1145765696 7190302.346387674 0),687007.1145765696,7190302.346387674
44,Fazenda Canguiri,PFCG,Curso dagua temporário,687026.989,7190300.823,POINT Z (687026.9890883367 7190300.822559648 0),687026.9890883367,7190300.822559648
44,Fazenda Canguiri,PFCG,Curso dagua temporário,687044.464,7190291.655,POINT Z (687044.4638544351 7190291.65536031 0),687044.4638544351,7190291.65536031
44,Fazenda Canguiri,PFCG,Curso dagua temporário,687055.309,7190275.163,POINT Z (687055.3090933625 7190275.163325283 0),687055.3090933625,7190275.163325283
44,Fazenda Canguiri,PFCG,Curso dagua temporário,687065.543,7190258.053,POINT Z (687065.5433368082 7190258.053429317 0),687065.5433368082,7190258.053429317
44,Fazenda Canguiri,PFCG,Curso dagua temporário,687078.769,7190243.051,POINT Z (687078.768809524 7190243.050533881 0),687078.768809524,7190243.050533881
44,Fazenda Canguiri,PFCG,Curso dagua temporário,687091.848,7190227.941,POINT Z (687091.8484453706 7190227.940594044 0),687091.8484453706,7190227.940594044
44,Fazenda Canguiri,PFCG,Curso dagua temporário,687107.284,7190215.272,POINT Z (687107.2837922722 7190215.272351199 0),687107.2837922722,7190215.272351199
44,Fazenda Canguiri,PFCG,Curso dagua temporário,687123.356,7190203.383,POINT Z (687123.3559174164 7190203.382700547 0),687123.3559174164,7190203.382700547
45,Fazenda Canguiri,PFCG,Curso dagua temporário,687168.755,7189965.706,POINT Z (687168.754971908 7189965.706466296 0),687168.754971908,7189965.706466296
45,Fazenda Canguiri,PFCG,Curso dagua temporário,687182.885,7189979.362,POINT Z (687182.8849823251 7189979.3624623045 0),687182.8849823251,7189979.3624623045
45,Fazenda Canguiri,PFCG,Curso dagua temporário,687196.015,7189994.203,POINT Z (687196.0153523603 7189994.203036847 0),687196.0153523603,7189994.203036847
45,Fazenda Canguiri,PFCG,Curso dagua temporário,687207.737,7190010.084,POINT Z (687207.7373222499 7190010.084367895 0),687207.7373222499,7190010.084367895
45,Fazenda Canguiri,PFCG,Curso dagua temporário,687219.168,7190026.309,POINT Z (687219.1676004597 7190026.309259372 0),687219.1676004597,7190026.309259372
45,Fazenda Canguiri,PFCG,Curso dagua temporário,687232.486,7190039.272,POINT Z (687232.4858751904 7190039.272264227 0),687232.4858751904,7190039.272264227
45,Fazenda Canguiri,PFCG,Curso dagua temporário,687250.785,7190047.092,POINT Z (687250.7845074176 7190047.092403282 0),687250.7845074176,7190047.092403282
45,Fazenda Canguiri,PFCG,Curso dagua temporário,687269.72,7190053.277,POINT Z (687269.719749911 7190053.277030098 0),687269.719749911,7190053.277030098
45,Fazenda Canguiri,PFCG,Curso dagua temporário,687288.431,7190057.452,POINT Z (687288.4313878852 7190057.451558948 0),687288.4313878852,7190057.451558948
61,Fazenda Canguiri,PFCG,Curso dagua temporário,687294.274,7190152.128,POINT Z (687294.2737045437 7190152.127719171 0),687294.2737045437,7190152.127719171
61,Fazenda Canguiri,PFCG,Curso dagua temporário,687280.219,7190137.914,POINT Z (687280.2191983463 7190137.913975902 0),687280.2191983463,7190137.913975902
61,Fazenda Canguiri,PFCG,Curso dagua temporário,687266.506,7190123.537,POINT Z (687266.5063553787 7190123.537201187 0),687266.5063553787,7190123.537201187
61,Fazenda Canguiri,PFCG,Curso dagua temporário,687259.983,7190105.214,POINT Z (687259.9832726355 7190105.214156661 0),687259.9832726355,7190105.214156661
